-- phpMyAdmin SQL Dump
-- version 5.2.1
-- https://www.phpmyadmin.net/
--
-- Host: 127.0.0.1
-- Generation Time: Jan 23, 2026 at 04:25 AM
-- Server version: 10.4.32-MariaDB
-- PHP Version: 8.2.12

SET SQL_MODE = "NO_AUTO_VALUE_ON_ZERO";
START TRANSACTION;
SET time_zone = "+00:00";


/*!40101 SET @OLD_CHARACTER_SET_CLIENT=@@CHARACTER_SET_CLIENT */;
/*!40101 SET @OLD_CHARACTER_SET_RESULTS=@@CHARACTER_SET_RESULTS */;
/*!40101 SET @OLD_COLLATION_CONNECTION=@@COLLATION_CONNECTION */;
/*!40101 SET NAMES utf8mb4 */;

--
-- Database: `stock_db`
--

-- --------------------------------------------------------

--
-- Table structure for table `app_settings`
--

CREATE TABLE `app_settings` (
  `k` varchar(100) NOT NULL COMMENT 'setting key',
  `v` longtext NOT NULL COMMENT 'setting value',
  `created_at` timestamp NOT NULL DEFAULT current_timestamp(),
  `updated_at` timestamp NOT NULL DEFAULT current_timestamp() ON UPDATE current_timestamp()
) ENGINE=InnoDB DEFAULT CHARSET=utf8mb4 COLLATE=utf8mb4_unicode_ci COMMENT='แอปพลิเคชันการตั้งค่า';

--
-- Dumping data for table `app_settings`
--

INSERT INTO `app_settings` (`k`, `v`, `created_at`, `updated_at`) VALUES
('default_currency', 'THB', '2025-11-18 08:21:00', '2025-11-18 08:21:00'),
('items_per_page', '25', '2025-11-18 08:21:00', '2025-11-18 08:21:00'),
('site_name', 'Stock By N', '2025-11-18 08:21:00', '2025-11-18 08:21:00');

-- --------------------------------------------------------

--
-- Table structure for table `audit_log`
--

CREATE TABLE `audit_log` (
  `id` int(11) NOT NULL,
  `p_id` int(11) DEFAULT NULL,
  `action` varchar(50) NOT NULL,
  `username` varchar(100) NOT NULL,
  `details` text DEFAULT NULL,
  `created_at` timestamp NOT NULL DEFAULT current_timestamp()
) ENGINE=InnoDB DEFAULT CHARSET=utf8mb4 COLLATE=utf8mb4_general_ci;

--
-- Dumping data for table `audit_log`
--

INSERT INTO `audit_log` (`id`, `p_id`, `action`, `username`, `details`, `created_at`) VALUES
(1, 100269, 'update_stock', 'admin', 'count=5;safety=0', '2025-11-18 06:39:58');

-- --------------------------------------------------------

--
-- Table structure for table `logout_logs`
--

CREATE TABLE `logout_logs` (
  `id` int(11) NOT NULL,
  `user_id` int(11) NOT NULL,
  `logout_time` datetime NOT NULL DEFAULT current_timestamp()
) ENGINE=InnoDB DEFAULT CHARSET=utf8mb4 COLLATE=utf8mb4_general_ci;

--
-- Dumping data for table `logout_logs`
--

INSERT INTO `logout_logs` (`id`, `user_id`, `logout_time`) VALUES
(1, 0, '2025-06-20 12:28:01'),
(2, 0, '2025-06-20 13:41:28'),
(3, 0, '2025-06-21 04:25:51'),
(4, 0, '2025-06-21 04:26:11'),
(5, 0, '2025-06-21 05:51:02'),
(6, 0, '2025-06-23 13:29:21'),
(7, 0, '2025-06-26 08:51:25'),
(8, 0, '2025-06-27 11:55:46'),
(9, 0, '2025-06-30 05:30:49'),
(10, 0, '2025-06-30 05:54:56'),
(11, 0, '2025-07-08 09:19:36'),
(12, 0, '2025-07-15 13:03:31'),
(13, 0, '2025-07-15 13:14:42'),
(14, 0, '2025-07-16 06:28:55'),
(15, 0, '2025-07-16 06:39:20'),
(16, 0, '2025-07-16 06:40:07'),
(17, 0, '2025-07-16 07:02:41'),
(18, 0, '2025-07-16 07:04:39'),
(19, 0, '2025-07-16 07:27:34'),
(20, 0, '2025-07-16 08:29:58'),
(21, 0, '2025-07-16 09:52:18'),
(22, 0, '2025-07-16 10:20:08'),
(23, 0, '2025-07-16 10:49:12'),
(24, 0, '2025-07-20 12:32:29'),
(25, 0, '2025-07-20 12:44:55'),
(26, 0, '2025-07-30 10:04:13'),
(27, 0, '2025-07-30 10:26:24'),
(28, 0, '2025-08-02 13:54:04'),
(29, 0, '2025-08-02 14:04:47'),
(30, 0, '2025-08-05 08:19:22'),
(31, 0, '2025-08-09 08:25:39'),
(32, 0, '2025-08-09 10:16:05'),
(33, 0, '2025-09-05 13:31:29'),
(34, 0, '2025-09-06 05:06:42'),
(35, 0, '2025-09-06 05:53:41'),
(36, 0, '2025-09-07 09:50:20'),
(37, 0, '2025-09-07 10:01:15'),
(38, 0, '2025-09-07 10:51:13'),
(39, 0, '2025-09-07 11:04:21'),
(40, 0, '2025-09-07 11:15:04'),
(41, 0, '2025-09-09 12:23:26'),
(42, 0, '2025-09-17 05:53:02'),
(43, 0, '2025-09-17 06:18:48'),
(44, 0, '2025-09-17 07:07:02'),
(45, 0, '2025-09-23 08:52:17'),
(46, 0, '2025-09-30 10:20:34'),
(47, 0, '2025-09-30 10:26:40'),
(48, 0, '2025-09-30 12:00:59'),
(49, 0, '2025-09-30 12:06:35'),
(50, 0, '2025-10-03 05:23:30'),
(51, 0, '2025-10-30 09:08:18'),
(52, 0, '2025-11-05 10:07:28'),
(53, 0, '2025-11-10 05:54:15'),
(54, 0, '2025-11-10 05:58:15'),
(55, 0, '2025-11-10 06:06:39'),
(56, 0, '2025-11-10 06:09:11'),
(57, 0, '2025-11-11 07:49:31'),
(58, 0, '2025-11-18 05:56:29'),
(59, 0, '2025-11-18 05:56:57'),
(60, 0, '2025-11-18 06:45:00'),
(61, 0, '2025-11-18 07:30:16'),
(62, 0, '2025-11-18 11:39:35'),
(63, 0, '2025-11-18 12:00:52'),
(64, 0, '2025-11-18 12:01:52'),
(65, 0, '2025-11-19 05:14:23'),
(66, 0, '2025-11-19 05:30:08'),
(67, 0, '2025-11-19 08:11:22'),
(68, 0, '2025-11-19 08:51:45'),
(69, 0, '2025-12-08 04:06:09'),
(70, 0, '2025-12-08 04:38:28'),
(71, 0, '2026-01-02 10:58:31'),
(72, 0, '2026-01-23 03:53:02');

-- --------------------------------------------------------

--
-- Table structure for table `tbl_action_log`
--

CREATE TABLE `tbl_action_log` (
  `id` int(11) NOT NULL,
  `username` varchar(50) NOT NULL,
  `action` text NOT NULL,
  `p_id` int(11) DEFAULT NULL,
  `log_time` datetime DEFAULT current_timestamp(),
  `ip_address` varchar(45) DEFAULT 'unknown',
  `description` text DEFAULT NULL,
  `log_date` timestamp NOT NULL DEFAULT current_timestamp(),
  `created_at` datetime NOT NULL DEFAULT current_timestamp(),
  `borrow_status` tinyint(1) NOT NULL DEFAULT 0,
  `quantity` int(11) NOT NULL,
  `remarks` text DEFAULT NULL,
  `details` text DEFAULT NULL
) ENGINE=InnoDB DEFAULT CHARSET=utf8mb4 COLLATE=utf8mb4_general_ci;

--
-- Dumping data for table `tbl_action_log`
--

INSERT INTO `tbl_action_log` (`id`, `username`, `action`, `p_id`, `log_time`, `ip_address`, `description`, `log_date`, `created_at`, `borrow_status`, `quantity`, `remarks`, `details`) VALUES
(164, 'root', 'ออกจากระบบ', NULL, '2025-06-13 12:11:47', 'unknown', 'ผู้ใช้งาน \'root\' ออกจากระบบเรียบร้อยแล้ว', '2025-06-13 05:11:47', '2025-06-18 11:59:56', 0, 0, NULL, NULL),
(165, 'admin', 'ล็อกอินเข้าสู่ระบบ', NULL, '2025-06-13 12:20:03', 'unknown', NULL, '2025-06-13 05:20:03', '2025-06-18 11:59:56', 0, 0, NULL, NULL),
(166, 'root', 'ออกจากระบบ', NULL, '2025-06-13 12:24:21', 'unknown', 'ผู้ใช้งาน \'root\' ออกจากระบบเรียบร้อยแล้ว', '2025-06-13 05:24:21', '2025-06-18 11:59:56', 0, 0, NULL, NULL),
(167, 'aon', 'ล็อกอินเข้าสู่ระบบ', NULL, '2025-06-18 11:51:34', 'unknown', NULL, '2025-06-18 04:51:34', '2025-06-18 11:59:56', 0, 0, NULL, NULL),
(168, 'aon', 'บันทึกการเคลื่อนไหวสินค้า', NULL, '2025-06-18 11:53:31', 'unknown', 'สินค้า: สะดืออ่างล้างจาน (ID: 100024). ประเภท: ใช้ไป, จำนวน: 1, ยอดคงเหลือใหม่: 5', '2025-06-18 04:53:31', '2025-06-18 11:59:56', 0, 0, NULL, NULL),
(169, 'aon', 'บันทึกการเคลื่อนไหวสินค้า', NULL, '2025-06-18 11:54:14', 'unknown', 'สินค้า: ก็อกโค้ง (ID: 100020). ประเภท: ใช้ไป, จำนวน: 1, ยอดคงเหลือใหม่: 4', '2025-06-18 04:54:14', '2025-06-18 11:59:56', 0, 0, NULL, NULL),
(170, 'aon', 'บันทึกการเคลื่อนไหวสินค้า', NULL, '2025-06-18 11:55:03', 'unknown', 'สินค้า: ท่อย่นใหญ่ (ID: 100053). ประเภท: ใช้ไป, จำนวน: 1, ยอดคงเหลือใหม่: 16', '2025-06-18 04:55:03', '2025-06-18 11:59:56', 0, 0, NULL, NULL),
(171, 'aon', 'บันทึกการเคลื่อนไหวสินค้า', NULL, '2025-06-18 11:55:56', 'unknown', 'สินค้า: หลอดไฟ LED 11w Phi (ID: 100001). ประเภท: ใช้ไป, จำนวน: 1, ยอดคงเหลือใหม่: 46', '2025-06-18 04:55:56', '2025-06-18 11:59:56', 0, 0, NULL, NULL),
(172, 'admin', 'ล็อกอินเข้าสู่ระบบ', NULL, '2025-06-18 11:57:41', 'unknown', NULL, '2025-06-18 04:57:41', '2025-06-18 11:59:56', 0, 0, NULL, NULL),
(173, 'aon', 'บันทึกการเคลื่อนไหวสินค้า', NULL, '2025-06-18 11:58:44', 'unknown', 'สินค้า: มิเตอร์ไฟ (ID: 100071). ประเภท: ใช้ไป, จำนวน: 1, ยอดคงเหลือใหม่: 0', '2025-06-18 04:58:44', '2025-06-18 11:59:56', 0, 0, NULL, NULL),
(174, 'aon', 'บันทึกการเคลื่อนไหวสินค้า', NULL, '2025-06-18 11:59:28', 'unknown', 'สินค้า: มิเตอร์ไฟ (ID: 100071). ประเภท: รับเข้า, จำนวน: 5, ยอดคงเหลือใหม่: 5', '2025-06-18 04:59:28', '2025-06-18 11:59:56', 0, 0, NULL, NULL),
(175, 'aon', 'บันทึกการเคลื่อนไหวสินค้า', NULL, '2025-06-18 11:59:42', 'unknown', 'สินค้า: มิเตอร์ไฟ (ID: 100071). ประเภท: ใช้ไป, จำนวน: 1, ยอดคงเหลือใหม่: 4', '2025-06-18 04:59:42', '2025-06-18 11:59:56', 0, 0, NULL, NULL),
(176, 'admin', 'ล็อกอินเข้าสู่ระบบ', NULL, '2025-06-18 12:00:42', 'unknown', NULL, '2025-06-18 05:00:42', '2025-06-18 12:00:42', 0, 0, NULL, NULL),
(177, 'aon', 'บันทึกการเคลื่อนไหวสินค้า', NULL, '2025-06-18 12:02:54', 'unknown', 'สินค้า: รีโมทแอร์ใหม่ (ID: 100072). ประเภท: ใช้ไป, จำนวน: 5, ยอดคงเหลือใหม่: 2', '2025-06-18 05:02:54', '2025-06-18 12:02:54', 0, 0, NULL, NULL),
(178, 'aon', 'บันทึกการเคลื่อนไหวสินค้า', NULL, '2025-06-18 12:04:44', 'unknown', 'สินค้า: เครื่องทำน้ำอุ่น Torbora Model P-3500 (ID: 100065). ประเภท: ใช้ไป, จำนวน: 1, ยอดคงเหลือใหม่: 3', '2025-06-18 05:04:44', '2025-06-18 12:04:44', 0, 0, NULL, NULL),
(179, 'aon', 'บันทึกการเคลื่อนไหวสินค้า', NULL, '2025-06-18 12:06:34', 'unknown', 'สินค้า: ท่อย่นใหญ่ (ID: 100053). ประเภท: ใช้ไป, จำนวน: 1, ยอดคงเหลือใหม่: 15', '2025-06-18 05:06:34', '2025-06-18 12:06:34', 0, 0, NULL, NULL),
(180, 'aon', 'บันทึกการเคลื่อนไหวสินค้า', NULL, '2025-06-18 12:07:24', 'unknown', 'สินค้า: มินิวาล์ว เกลียวนอก 2 ด้าน (ID: 100033). ประเภท: ใช้ไป, จำนวน: 1, ยอดคงเหลือใหม่: 6', '2025-06-18 05:07:24', '2025-06-18 12:07:24', 0, 0, NULL, NULL),
(181, 'aon', 'บันทึกการเคลื่อนไหวสินค้า', NULL, '2025-06-18 12:08:46', 'unknown', 'สินค้า: สายฉีดชำระ (ID: 100017). ประเภท: ใช้ไป, จำนวน: 1, ยอดคงเหลือใหม่: 23', '2025-06-18 05:08:46', '2025-06-18 12:08:46', 0, 0, NULL, NULL),
(182, 'aon', 'บันทึกการเคลื่อนไหวสินค้า', NULL, '2025-06-18 12:10:35', 'unknown', 'สินค้า: สะดืออ่างล้างจาน (ID: 100024). ประเภท: ใช้ไป, จำนวน: 1, ยอดคงเหลือใหม่: 4', '2025-06-18 05:10:35', '2025-06-18 12:10:35', 0, 0, NULL, NULL),
(183, 'aon', 'บันทึกการเคลื่อนไหวสินค้า', NULL, '2025-06-18 12:11:10', 'unknown', 'สินค้า: มินิวาล์ว เกลียวนอก 2 ด้าน (ID: 100033). ประเภท: ใช้ไป, จำนวน: 1, ยอดคงเหลือใหม่: 5', '2025-06-18 05:11:10', '2025-06-18 12:11:10', 0, 0, NULL, NULL),
(184, 'aon', 'บันทึกการเคลื่อนไหวสินค้า', NULL, '2025-06-18 12:12:33', 'unknown', 'สินค้า: กาวร้อน (ID: 100079). ประเภท: ใช้ไป, จำนวน: 3, ยอดคงเหลือใหม่: 0', '2025-06-18 05:12:33', '2025-06-18 12:12:33', 0, 0, NULL, NULL),
(185, 'aon', 'บันทึกการเคลื่อนไหวสินค้า', NULL, '2025-06-18 12:13:40', 'unknown', 'สินค้า: หลอดนีออนยาว 36 w (ID: 100006). ประเภท: ใช้ไป, จำนวน: 1, ยอดคงเหลือใหม่: 5', '2025-06-18 05:13:40', '2025-06-18 12:13:40', 0, 0, NULL, NULL),
(186, 'aon', 'บันทึกการเคลื่อนไหวสินค้า', NULL, '2025-06-18 12:14:35', 'unknown', 'สินค้า: หลอดไฟ LED 11w Phi (ID: 100001). ประเภท: ใช้ไป, จำนวน: 1, ยอดคงเหลือใหม่: 45', '2025-06-18 05:14:35', '2025-06-18 12:14:35', 0, 0, NULL, NULL),
(187, 'aon', 'บันทึกการเคลื่อนไหวสินค้า', NULL, '2025-06-18 12:17:34', 'unknown', 'สินค้า: หลอดไฟ LED 11w Phi (ID: 100001). ประเภท: ใช้ไป, จำนวน: 2, ยอดคงเหลือใหม่: 43', '2025-06-18 05:17:34', '2025-06-18 12:17:34', 0, 0, NULL, NULL),
(188, 'aon', 'บันทึกการเคลื่อนไหวสินค้า', NULL, '2025-06-18 12:18:05', 'unknown', 'สินค้า: หลอดไฟ LED 11w Phi (ID: 100001). ประเภท: ใช้ไป, จำนวน: 1, ยอดคงเหลือใหม่: 42', '2025-06-18 05:18:05', '2025-06-18 12:18:05', 0, 0, NULL, NULL),
(189, 'aon', 'บันทึกการเคลื่อนไหวสินค้า', NULL, '2025-06-18 12:19:10', 'unknown', 'สินค้า: หลอด LED#170198-20W-6500K Moudle-Round (ID: 100089). ประเภท: ใช้ไป, จำนวน: 1, ยอดคงเหลือใหม่: 9', '2025-06-18 05:19:10', '2025-06-18 12:19:10', 0, 0, NULL, NULL),
(190, 'aon', 'บันทึกการเคลื่อนไหวสินค้า', NULL, '2025-06-18 12:21:10', 'unknown', 'สินค้า: สะดืออ่างล้างจาน (ID: 100024). ประเภท: ใช้ไป, จำนวน: 1, ยอดคงเหลือใหม่: 3', '2025-06-18 05:21:10', '2025-06-18 12:21:10', 0, 0, NULL, NULL),
(191, 'aon', 'บันทึกการเคลื่อนไหวสินค้า', NULL, '2025-06-18 12:21:43', 'unknown', 'สินค้า: หลอดไฟ LED 11w Phi (ID: 100001). ประเภท: ใช้ไป, จำนวน: 1, ยอดคงเหลือใหม่: 41', '2025-06-18 05:21:43', '2025-06-18 12:21:43', 0, 0, NULL, NULL),
(192, 'aon', 'บันทึกการเคลื่อนไหวสินค้า', NULL, '2025-06-18 12:22:14', 'unknown', 'สินค้า: ท่อย่นใหญ่ (ID: 100053). ประเภท: ใช้ไป, จำนวน: 1, ยอดคงเหลือใหม่: 14', '2025-06-18 05:22:14', '2025-06-18 12:22:14', 0, 0, NULL, NULL),
(193, 'aon', 'บันทึกการเคลื่อนไหวสินค้า', NULL, '2025-06-18 12:23:58', 'unknown', 'สินค้า: ฝาชักโครก (ID: 100068). ประเภท: รับเข้า, จำนวน: 5, ยอดคงเหลือใหม่: 5', '2025-06-18 05:23:58', '2025-06-18 12:23:58', 0, 0, NULL, NULL),
(194, 'aon', 'บันทึกการเคลื่อนไหวสินค้า', NULL, '2025-06-18 12:24:18', 'unknown', 'สินค้า: ฝาชักโครก (ID: 100068). ประเภท: ใช้ไป, จำนวน: 1, ยอดคงเหลือใหม่: 4', '2025-06-18 05:24:18', '2025-06-18 12:24:18', 0, 0, NULL, NULL),
(195, 'aon', 'บันทึกการเคลื่อนไหวสินค้า', NULL, '2025-06-18 12:24:47', 'unknown', 'สินค้า: ก็อกโค้ง (ID: 100020). ประเภท: ใช้ไป, จำนวน: 1, ยอดคงเหลือใหม่: 3', '2025-06-18 05:24:47', '2025-06-18 12:24:47', 0, 0, NULL, NULL),
(196, 'aon', 'บันทึกการเคลื่อนไหวสินค้า', NULL, '2025-06-18 12:25:17', 'unknown', 'สินค้า: สายฉีดชำระ (ID: 100017). ประเภท: ใช้ไป, จำนวน: 1, ยอดคงเหลือใหม่: 22', '2025-06-18 05:25:17', '2025-06-18 12:25:17', 0, 0, NULL, NULL),
(197, 'aon', 'บันทึกการเคลื่อนไหวสินค้า', NULL, '2025-06-18 12:25:57', 'unknown', 'สินค้า: ฝักบัว (ID: 100016). ประเภท: ใช้ไป, จำนวน: 1, ยอดคงเหลือใหม่: 1', '2025-06-18 05:25:57', '2025-06-18 12:25:57', 0, 0, NULL, NULL),
(198, 'aon', 'บันทึกการเคลื่อนไหวสินค้า', NULL, '2025-06-18 12:26:51', 'unknown', 'สินค้า: ก็อกอ่างล้างหน้า (ID: 100018). ประเภท: ใช้ไป, จำนวน: 1, ยอดคงเหลือใหม่: 9', '2025-06-18 05:26:51', '2025-06-18 12:26:51', 0, 0, NULL, NULL),
(199, 'aon', 'บันทึกการเคลื่อนไหวสินค้า', NULL, '2025-06-18 12:27:30', 'unknown', 'สินค้า: คีย์การ์ดใหม่ (ID: 100063). ประเภท: ใช้ไป, จำนวน: 15, ยอดคงเหลือใหม่: 59', '2025-06-18 05:27:30', '2025-06-18 12:27:30', 0, 0, NULL, NULL),
(200, 'aon', 'บันทึกการเคลื่อนไหวสินค้า', NULL, '2025-06-18 12:28:16', 'unknown', 'สินค้า: หลอดไฟ LED 11w Phi (ID: 100001). ประเภท: ใช้ไป, จำนวน: 1, ยอดคงเหลือใหม่: 40', '2025-06-18 05:28:16', '2025-06-18 12:28:16', 0, 0, NULL, NULL),
(201, 'aon', 'บันทึกการเคลื่อนไหวสินค้า', NULL, '2025-06-18 12:28:50', 'unknown', 'สินค้า: ก็อกโค้ง (ID: 100020). ประเภท: ใช้ไป, จำนวน: 1, ยอดคงเหลือใหม่: 2', '2025-06-18 05:28:50', '2025-06-18 12:28:50', 0, 0, NULL, NULL),
(202, 'aon', 'บันทึกการเคลื่อนไหวสินค้า', NULL, '2025-06-18 12:29:20', 'unknown', 'สินค้า: สะดืออ่างล้างจาน (ID: 100024). ประเภท: ใช้ไป, จำนวน: 1, ยอดคงเหลือใหม่: 2', '2025-06-18 05:29:20', '2025-06-18 12:29:20', 0, 0, NULL, NULL),
(203, 'aon', 'บันทึกการเคลื่อนไหวสินค้า', NULL, '2025-06-18 12:30:08', 'unknown', 'สินค้า: สายน้ำดี24นิ้ว (ID: 100048). ประเภท: ใช้ไป, จำนวน: 1, ยอดคงเหลือใหม่: 3', '2025-06-18 05:30:08', '2025-06-18 12:30:08', 0, 0, NULL, NULL),
(204, 'aon', 'บันทึกการเคลื่อนไหวสินค้า', NULL, '2025-06-18 12:31:49', 'unknown', 'สินค้า: เครื่องปรับอากาศแคเรียร์ 18000 btu (ID: 100105). ประเภท: ใช้ไป, จำนวน: 1, ยอดคงเหลือใหม่: 0', '2025-06-18 05:31:49', '2025-06-18 12:31:49', 0, 0, NULL, NULL),
(205, 'aon', 'บันทึกการเคลื่อนไหวสินค้า', NULL, '2025-06-18 12:33:36', 'unknown', 'สินค้า: หลอดไฟ LED 11w Phi (ID: 100001). ประเภท: ใช้ไป, จำนวน: 1, ยอดคงเหลือใหม่: 39', '2025-06-18 05:33:36', '2025-06-18 12:33:36', 0, 0, NULL, NULL),
(206, 'root', 'ออกจากระบบ', NULL, '2025-06-18 12:33:52', 'unknown', 'ผู้ใช้งาน \'root\' ออกจากระบบเรียบร้อยแล้ว', '2025-06-18 05:33:52', '2025-06-18 12:33:52', 0, 0, NULL, NULL),
(207, 'admin', 'ล็อกอินเข้าสู่ระบบ', NULL, '2025-06-18 12:35:42', 'unknown', NULL, '2025-06-18 05:35:42', '2025-06-18 12:35:42', 0, 0, NULL, NULL),
(208, 'admin', 'ยืมมา (รับคืนแล้ว)', 100105, '2025-06-18 08:18:50', 'unknown', NULL, '2025-06-18 06:18:50', '2025-06-18 13:18:50', 0, 1, 'ยืมมาจาก MP2', ''),
(209, 'aon', 'ล็อกอินเข้าสู่ระบบ', NULL, '2025-06-18 13:25:00', 'unknown', NULL, '2025-06-18 06:25:00', '2025-06-18 13:25:00', 0, 0, NULL, NULL),
(210, 'aon', 'บันทึกการเคลื่อนไหวสินค้า', NULL, '2025-06-18 13:25:55', 'unknown', 'สินค้า: เครื่องปรับอากาศแคเรียร์ 18000 btu (ID: 100105). ประเภท: ใช้ไป, จำนวน: 1, ยอดคงเหลือใหม่: 0', '2025-06-18 06:25:55', '2025-06-18 13:25:55', 0, 0, NULL, NULL),
(211, 'aon', 'ให้ยืมสินค้า (รับคืนแล้ว)', 100040, '2025-06-18 08:27:34', 'unknown', NULL, '2025-06-18 06:27:34', '2025-06-18 13:27:34', 0, 1, 'MP2 ยืม', ''),
(212, 'aon', 'ให้ยืมสินค้า (รับคืนแล้ว)', 100040, '2025-06-18 08:29:31', 'unknown', NULL, '2025-06-18 06:29:31', '2025-06-18 13:29:31', 0, 1, 'MP2 ยืม', ''),
(213, 'aon', 'บันทึกการเคลื่อนไหวสินค้า', NULL, '2025-06-18 13:31:41', 'unknown', 'สินค้า: สายฉีดชำระ (ID: 100017). ประเภท: รับเข้า, จำนวน: 10, ยอดคงเหลือใหม่: 32', '2025-06-18 06:31:41', '2025-06-18 13:31:41', 0, 0, NULL, NULL),
(214, 'aon', 'บันทึกการเคลื่อนไหวสินค้า', NULL, '2025-06-18 13:32:07', 'unknown', 'สินค้า: ก็อกอ่างล้างหน้า (ID: 100018). ประเภท: รับเข้า, จำนวน: 10, ยอดคงเหลือใหม่: 19', '2025-06-18 06:32:07', '2025-06-18 13:32:07', 0, 0, NULL, NULL),
(215, 'aon', 'บันทึกการเคลื่อนไหวสินค้า', NULL, '2025-06-18 13:36:03', 'unknown', 'สินค้า: ท่อย่นใหญ่ (ID: 100053). ประเภท: รับเข้า, จำนวน: 5, ยอดคงเหลือใหม่: 19', '2025-06-18 06:36:03', '2025-06-18 13:36:03', 0, 0, NULL, NULL),
(216, 'aon', 'บันทึกการเคลื่อนไหวสินค้า', NULL, '2025-06-18 13:36:37', 'unknown', 'สินค้า: ก็อกโค้ง (ID: 100020). ประเภท: รับเข้า, จำนวน: 2, ยอดคงเหลือใหม่: 4', '2025-06-18 06:36:37', '2025-06-18 13:36:37', 0, 0, NULL, NULL),
(217, 'aon', 'บันทึกการเคลื่อนไหวสินค้า', NULL, '2025-06-18 13:37:49', 'unknown', 'สินค้า: ก็อกผนัง (ID: 100019). ประเภท: รับเข้า, จำนวน: 5, ยอดคงเหลือใหม่: 7', '2025-06-18 06:37:49', '2025-06-18 13:37:49', 0, 0, NULL, NULL),
(218, 'aon', 'บันทึกการเคลื่อนไหวสินค้า', NULL, '2025-06-18 13:38:27', 'unknown', 'สินค้า: สายน้ำดี24นิ้วชักโครก (ID: 100049). ประเภท: รับเข้า, จำนวน: 3, ยอดคงเหลือใหม่: 3', '2025-06-18 06:38:27', '2025-06-18 13:38:27', 0, 0, NULL, NULL),
(219, 'aon', 'บันทึกการเคลื่อนไหวสินค้า', NULL, '2025-06-18 13:38:53', 'unknown', 'สินค้า: สายน้ำดี24นิ้วชักโครก (ID: 100049). ประเภท: ใช้ไป, จำนวน: 1, ยอดคงเหลือใหม่: 2', '2025-06-18 06:38:53', '2025-06-18 13:38:53', 0, 0, NULL, NULL),
(220, 'aon', 'บันทึกการเคลื่อนไหวสินค้า', NULL, '2025-06-18 13:41:30', 'unknown', 'สินค้า: สายน้ำดี20นิ้ว (ID: 100047). ประเภท: รับเข้า, จำนวน: 3, ยอดคงเหลือใหม่: 6', '2025-06-18 06:41:30', '2025-06-18 13:41:30', 0, 0, NULL, NULL),
(221, 'aon', 'บันทึกการเคลื่อนไหวสินค้า', NULL, '2025-06-18 13:42:00', 'unknown', 'สินค้า: กาวร้อน (ID: 100079). ประเภท: รับเข้า, จำนวน: 3, ยอดคงเหลือใหม่: 3', '2025-06-18 06:42:00', '2025-06-18 13:42:00', 0, 0, NULL, NULL),
(222, 'aon', 'บันทึกการเคลื่อนไหวสินค้า', NULL, '2025-06-18 13:42:57', 'unknown', 'สินค้า: ซิลิโคนใส (ID: 100080). ประเภท: รับเข้า, จำนวน: 2, ยอดคงเหลือใหม่: 2', '2025-06-18 06:42:57', '2025-06-18 13:42:57', 0, 0, NULL, NULL),
(223, 'aon', 'บันทึกการเคลื่อนไหวสินค้า', NULL, '2025-06-18 13:43:13', 'unknown', 'สินค้า: ซิลิโคนใส (ID: 100080). ประเภท: ใช้ไป, จำนวน: 1, ยอดคงเหลือใหม่: 1', '2025-06-18 06:43:13', '2025-06-18 13:43:13', 0, 0, NULL, NULL),
(224, 'root', 'ออกจากระบบ', NULL, '2025-06-18 14:01:45', 'unknown', 'ผู้ใช้งาน \'root\' ออกจากระบบเรียบร้อยแล้ว', '2025-06-18 07:01:45', '2025-06-18 14:01:45', 0, 0, NULL, NULL),
(225, 'aon', 'ล็อกอินเข้าสู่ระบบ', NULL, '2025-06-18 14:20:38', 'unknown', NULL, '2025-06-18 07:20:38', '2025-06-18 14:20:38', 0, 0, NULL, NULL),
(226, 'root', 'ออกจากระบบ', NULL, '2025-06-18 14:23:45', 'unknown', 'ผู้ใช้งาน \'root\' ออกจากระบบเรียบร้อยแล้ว', '2025-06-18 07:23:45', '2025-06-18 14:23:45', 0, 0, NULL, NULL),
(227, 'admin', 'ล็อกอินเข้าสู่ระบบ', NULL, '2025-06-18 15:08:34', 'unknown', NULL, '2025-06-18 08:08:34', '2025-06-18 15:08:34', 0, 0, NULL, NULL),
(228, 'root', 'ออกจากระบบ', NULL, '2025-06-18 16:01:05', 'unknown', 'ผู้ใช้งาน \'root\' ออกจากระบบเรียบร้อยแล้ว', '2025-06-18 09:01:05', '2025-06-18 16:01:05', 0, 0, NULL, NULL),
(229, 'admin', 'ล็อกอินเข้าสู่ระบบ', NULL, '2025-06-18 17:43:48', 'unknown', NULL, '2025-06-18 10:43:48', '2025-06-18 17:43:48', 0, 0, NULL, NULL),
(230, 'admin', 'ล็อกอินเข้าสู่ระบบ', NULL, '2025-06-18 18:10:32', 'unknown', NULL, '2025-06-18 11:10:32', '2025-06-18 18:10:32', 0, 0, NULL, NULL),
(231, 'root', 'ออกจากระบบ', NULL, '2025-06-18 18:11:17', 'unknown', 'ผู้ใช้งาน \'root\' ออกจากระบบเรียบร้อยแล้ว', '2025-06-18 11:11:17', '2025-06-18 18:11:17', 0, 0, NULL, NULL),
(232, 'nong', 'ล็อกอินเข้าสู่ระบบ', NULL, '2025-06-18 18:11:21', 'unknown', NULL, '2025-06-18 11:11:21', '2025-06-18 18:11:21', 0, 0, NULL, NULL),
(233, 'admin', 'ล็อกอินเข้าสู่ระบบ', NULL, '2025-06-18 18:22:21', 'unknown', NULL, '2025-06-18 11:22:21', '2025-06-18 18:22:21', 0, 0, NULL, NULL),
(234, 'admin', 'ล็อกอินเข้าสู่ระบบ', NULL, '2025-06-20 17:28:32', 'unknown', NULL, '2025-06-20 10:28:32', '2025-06-20 17:28:32', 0, 0, NULL, NULL),
(235, 'aon', 'ล็อกอินเข้าสู่ระบบ', NULL, '2025-06-20 17:39:41', 'unknown', NULL, '2025-06-20 10:39:41', '2025-06-20 17:39:41', 0, 0, NULL, NULL),
(236, 'admin', 'ล็อกอินเข้าสู่ระบบ', NULL, '2025-06-20 18:45:31', 'unknown', NULL, '2025-06-20 11:45:31', '2025-06-20 18:45:31', 0, 0, NULL, NULL),
(237, 'admin', 'ล็อกอินเข้าสู่ระบบ', NULL, '2025-06-21 09:25:08', 'unknown', NULL, '2025-06-21 02:25:08', '2025-06-21 09:25:08', 0, 0, NULL, NULL),
(238, 'nong', 'ล็อกอินเข้าสู่ระบบ', NULL, '2025-06-21 09:25:57', 'unknown', NULL, '2025-06-21 02:25:57', '2025-06-21 09:25:57', 0, 0, NULL, NULL),
(239, 'admin', 'ล็อกอินเข้าสู่ระบบ', NULL, '2025-06-21 10:49:43', 'unknown', NULL, '2025-06-21 03:49:43', '2025-06-21 10:49:43', 0, 0, NULL, NULL),
(240, 'admin', 'ล็อกอินเข้าสู่ระบบ', NULL, '2025-06-23 17:19:16', 'unknown', NULL, '2025-06-23 10:19:16', '2025-06-23 17:19:16', 0, 0, NULL, NULL),
(241, 'admin', 'ระงับสินค้าเรียบร้อย: p_id = 100001', NULL, '2025-06-23 17:19:50', '192.168.1.238', NULL, '2025-06-23 10:19:50', '2025-06-23 17:19:50', 0, 0, NULL, NULL),
(242, 'admin', 'เปิดใช้งานสินค้า (p_id: 100001)', NULL, '2025-06-23 17:19:54', '192.168.1.238', NULL, '2025-06-23 10:19:54', '2025-06-23 17:19:54', 0, 0, NULL, NULL),
(243, 'admin', 'ล็อกอินเข้าสู่ระบบ', NULL, '2025-06-26 13:07:53', 'unknown', NULL, '2025-06-26 06:07:53', '2025-06-26 13:07:53', 0, 0, NULL, NULL),
(244, 'admin', 'ล็อกอินเข้าสู่ระบบ', NULL, '2025-06-27 10:34:44', 'unknown', NULL, '2025-06-27 03:34:44', '2025-06-27 10:34:44', 0, 0, NULL, NULL),
(245, 'aon', 'ล็อกอินเข้าสู่ระบบ', NULL, '2025-06-27 16:29:43', 'unknown', NULL, '2025-06-27 09:29:43', '2025-06-27 16:29:43', 0, 0, NULL, NULL),
(246, 'aon', 'บันทึกการเคลื่อนไหวสินค้า', NULL, '2025-06-27 16:31:22', 'unknown', 'สินค้า: หลอดไฟ LED 11w Phi (ID: 100001). ประเภท: ใช้ไป, จำนวน: 4, ยอดคงเหลือใหม่: 35', '2025-06-27 09:31:22', '2025-06-27 16:31:22', 0, 0, NULL, NULL),
(247, 'aon', 'บันทึกการเคลื่อนไหวสินค้า', NULL, '2025-06-27 16:31:59', 'unknown', 'สินค้า: ท่อย่นเล็ก (ID: 100052). ประเภท: ใช้ไป, จำนวน: 1, ยอดคงเหลือใหม่: 13', '2025-06-27 09:31:59', '2025-06-27 16:31:59', 0, 0, NULL, NULL),
(248, 'aon', 'บันทึกการเคลื่อนไหวสินค้า', NULL, '2025-06-27 16:33:23', 'unknown', 'สินค้า: สะดืออ่างล้างจาน (ID: 100024). ประเภท: ใช้ไป, จำนวน: 1, ยอดคงเหลือใหม่: 1', '2025-06-27 09:33:23', '2025-06-27 16:33:23', 0, 0, NULL, NULL),
(249, 'aon', 'บันทึกการเคลื่อนไหวสินค้า', NULL, '2025-06-27 16:33:52', 'unknown', 'สินค้า: ท่อย่นใหญ่ (ID: 100053). ประเภท: ใช้ไป, จำนวน: 1, ยอดคงเหลือใหม่: 18', '2025-06-27 09:33:52', '2025-06-27 16:33:52', 0, 0, NULL, NULL),
(250, 'aon', 'บันทึกการเคลื่อนไหวสินค้า', NULL, '2025-06-27 16:34:23', 'unknown', 'สินค้า: สายน้ำดี20นิ้ว (ID: 100047). ประเภท: ใช้ไป, จำนวน: 1, ยอดคงเหลือใหม่: 5', '2025-06-27 09:34:23', '2025-06-27 16:34:23', 0, 0, NULL, NULL),
(251, 'aon', 'บันทึกการเคลื่อนไหวสินค้า', NULL, '2025-06-27 16:34:48', 'unknown', 'สินค้า: ก็อกโค้ง (ID: 100020). ประเภท: ใช้ไป, จำนวน: 1, ยอดคงเหลือใหม่: 3', '2025-06-27 09:34:48', '2025-06-27 16:34:48', 0, 0, NULL, NULL),
(252, 'aon', 'บันทึกการเคลื่อนไหวสินค้า', NULL, '2025-06-27 16:35:18', 'unknown', 'สินค้า: มินิวาล์ว เกลียวนอก 2 ด้าน (ID: 100033). ประเภท: ใช้ไป, จำนวน: 1, ยอดคงเหลือใหม่: 4', '2025-06-27 09:35:18', '2025-06-27 16:35:18', 0, 0, NULL, NULL),
(253, 'aon', 'บันทึกการเคลื่อนไหวสินค้า', NULL, '2025-06-27 16:35:56', 'unknown', 'สินค้า: นิปเปิ้ล 4 หุน เกลียวนอกเกลียวใน (ID: 100032). ประเภท: ใช้ไป, จำนวน: 1, ยอดคงเหลือใหม่: 3', '2025-06-27 09:35:56', '2025-06-27 16:35:56', 0, 0, NULL, NULL),
(254, 'aon', 'บันทึกการเคลื่อนไหวสินค้า', NULL, '2025-06-27 16:37:30', 'unknown', 'สินค้า: หลอดไฟ 32 w (ID: 100005). ประเภท: ใช้ไป, จำนวน: 1, ยอดคงเหลือใหม่: 29', '2025-06-27 09:37:30', '2025-06-27 16:37:30', 0, 0, NULL, NULL),
(255, 'aon', 'บันทึกการเคลื่อนไหวสินค้า', NULL, '2025-06-27 16:38:22', 'unknown', 'สินค้า: สายฉีดชำระ (ID: 100017). ประเภท: ใช้ไป, จำนวน: 1, ยอดคงเหลือใหม่: 31', '2025-06-27 09:38:22', '2025-06-27 16:38:22', 0, 0, NULL, NULL),
(256, 'aon', 'บันทึกการเคลื่อนไหวสินค้า', NULL, '2025-06-27 16:38:56', 'unknown', 'สินค้า: ฝาชักโครก (ID: 100068). ประเภท: ใช้ไป, จำนวน: 1, ยอดคงเหลือใหม่: 3', '2025-06-27 09:38:56', '2025-06-27 16:38:56', 0, 0, NULL, NULL),
(257, 'aon', 'บันทึกการเคลื่อนไหวสินค้า', NULL, '2025-06-27 16:39:29', 'unknown', 'สินค้า: สายน้ำดี20นิ้ว (ID: 100047). ประเภท: ใช้ไป, จำนวน: 1602, ยอดคงเหลือใหม่: -1597', '2025-06-27 09:39:29', '2025-06-27 16:39:29', 0, 0, NULL, NULL),
(258, 'aon', 'บันทึกการเคลื่อนไหวสินค้า', NULL, '2025-06-27 16:42:59', 'unknown', 'สินค้า: กระปุก (ID: 100021). ประเภท: ใช้ไป, จำนวน: 1, ยอดคงเหลือใหม่: 7', '2025-06-27 09:42:59', '2025-06-27 16:42:59', 0, 0, NULL, NULL),
(259, 'aon', 'บันทึกการเคลื่อนไหวสินค้า', NULL, '2025-06-27 16:43:45', 'unknown', 'สินค้า: คีย์การ์ดใหม่ (ID: 100063). ประเภท: ใช้ไป, จำนวน: 2, ยอดคงเหลือใหม่: 57', '2025-06-27 09:43:45', '2025-06-27 16:43:45', 0, 0, NULL, NULL),
(260, 'aon', 'บันทึกการเคลื่อนไหวสินค้า', NULL, '2025-06-27 16:44:31', 'unknown', 'สินค้า: มิเตอร์ไฟ (ID: 100071). ประเภท: ใช้ไป, จำนวน: 1, ยอดคงเหลือใหม่: 3', '2025-06-27 09:44:31', '2025-06-27 16:44:31', 0, 0, NULL, NULL),
(261, 'aon', 'บันทึกการเคลื่อนไหวสินค้า', NULL, '2025-06-27 16:45:28', 'unknown', 'สินค้า: คีย์การ์ดใหม่ (ID: 100063). ประเภท: ใช้ไป, จำนวน: 4, ยอดคงเหลือใหม่: 53', '2025-06-27 09:45:28', '2025-06-27 16:45:28', 0, 0, NULL, NULL),
(262, 'aon', 'บันทึกการเคลื่อนไหวสินค้า', NULL, '2025-06-27 16:47:39', 'unknown', 'สินค้า: หลอดไฟ LED 11w Phi (ID: 100001). ประเภท: ใช้ไป, จำนวน: 8, ยอดคงเหลือใหม่: 27', '2025-06-27 09:47:39', '2025-06-27 16:47:39', 0, 0, NULL, NULL),
(263, 'aon', 'บันทึกการเคลื่อนไหวสินค้า', NULL, '2025-06-27 16:48:31', 'unknown', 'สินค้า: หลอดไฟ 32 w (ID: 100005). ประเภท: ใช้ไป, จำนวน: 1, ยอดคงเหลือใหม่: 28', '2025-06-27 09:48:31', '2025-06-27 16:48:31', 0, 0, NULL, NULL),
(264, 'aon', 'บันทึกการเคลื่อนไหวสินค้า', NULL, '2025-06-27 16:49:07', 'unknown', 'สินค้า: สายฉีดชำระ (ID: 100017). ประเภท: ใช้ไป, จำนวน: 1, ยอดคงเหลือใหม่: 30', '2025-06-27 09:49:07', '2025-06-27 16:49:07', 0, 0, NULL, NULL),
(265, 'aon', 'บันทึกการเคลื่อนไหวสินค้า', NULL, '2025-06-27 16:50:02', 'unknown', 'สินค้า: หลอดไฟ LED 11w Phi (ID: 100001). ประเภท: ใช้ไป, จำนวน: 2, ยอดคงเหลือใหม่: 25', '2025-06-27 09:50:02', '2025-06-27 16:50:02', 0, 0, NULL, NULL),
(266, 'aon', 'บันทึกการเคลื่อนไหวสินค้า', NULL, '2025-06-27 16:50:43', 'unknown', 'สินค้า: ฝักบัว (ID: 100016). ประเภท: ใช้ไป, จำนวน: 1, ยอดคงเหลือใหม่: 0', '2025-06-27 09:50:43', '2025-06-27 16:50:43', 0, 0, NULL, NULL),
(267, 'aon', 'บันทึกการเคลื่อนไหวสินค้า', NULL, '2025-06-27 16:51:22', 'unknown', 'สินค้า: ฝาชักโครก (ID: 100068). ประเภท: ใช้ไป, จำนวน: 1, ยอดคงเหลือใหม่: 2', '2025-06-27 09:51:22', '2025-06-27 16:51:22', 0, 0, NULL, NULL),
(268, 'aon', 'บันทึกการเคลื่อนไหวสินค้า', NULL, '2025-06-27 16:52:01', 'unknown', 'สินค้า: ก้านชาร์ป 14 นิ้ว (ID: 100087). ประเภท: ใช้ไป, จำนวน: 1, ยอดคงเหลือใหม่: 9', '2025-06-27 09:52:01', '2025-06-27 16:52:01', 0, 0, NULL, NULL),
(269, 'aon', 'บันทึกการเคลื่อนไหวสินค้า', NULL, '2025-06-27 16:53:06', 'unknown', 'สินค้า: สายน้ำดี24นิ้ว (ID: 100048). ประเภท: ใช้ไป, จำนวน: 1, ยอดคงเหลือใหม่: 2', '2025-06-27 09:53:06', '2025-06-27 16:53:06', 0, 0, NULL, NULL),
(270, 'aon', 'บันทึกการเคลื่อนไหวสินค้า', NULL, '2025-06-27 16:53:33', 'unknown', 'สินค้า: ก็อกอ่างล้างหน้า (ID: 100018). ประเภท: ใช้ไป, จำนวน: 1, ยอดคงเหลือใหม่: 18', '2025-06-27 09:53:33', '2025-06-27 16:53:33', 0, 0, NULL, NULL),
(271, 'aon', 'บันทึกการเคลื่อนไหวสินค้า', NULL, '2025-06-27 16:54:01', 'unknown', 'สินค้า: กระปุก (ID: 100021). ประเภท: ใช้ไป, จำนวน: 1, ยอดคงเหลือใหม่: 6', '2025-06-27 09:54:01', '2025-06-27 16:54:01', 0, 0, NULL, NULL),
(272, 'aon', 'บันทึกการเคลื่อนไหวสินค้า', NULL, '2025-06-27 16:54:33', 'unknown', 'สินค้า: หลอดไฟ LED 11w Phi (ID: 100001). ประเภท: ใช้ไป, จำนวน: 1, ยอดคงเหลือใหม่: 24', '2025-06-27 09:54:33', '2025-06-27 16:54:33', 0, 0, NULL, NULL),
(273, 'aon', 'บันทึกการเคลื่อนไหวสินค้า', NULL, '2025-06-27 16:55:00', 'unknown', 'สินค้า: สายฉีดชำระ (ID: 100017). ประเภท: ใช้ไป, จำนวน: 1, ยอดคงเหลือใหม่: 29', '2025-06-27 09:55:00', '2025-06-27 16:55:00', 0, 0, NULL, NULL),
(274, 'aon', 'บันทึกการเคลื่อนไหวสินค้า', NULL, '2025-06-27 16:55:37', 'unknown', 'สินค้า: คีย์การ์ดใหม่ (ID: 100063). ประเภท: ใช้ไป, จำนวน: 1, ยอดคงเหลือใหม่: 52', '2025-06-27 09:55:37', '2025-06-27 16:55:37', 0, 0, NULL, NULL),
(275, 'admin', 'ล็อกอินเข้าสู่ระบบ', NULL, '2025-06-27 16:59:38', 'unknown', NULL, '2025-06-27 09:59:38', '2025-06-27 16:59:38', 0, 0, NULL, NULL),
(276, 'aon', 'ล็อกอินเข้าสู่ระบบ', NULL, '2025-06-30 10:10:51', 'unknown', NULL, '2025-06-30 03:10:51', '2025-06-30 10:10:51', 0, 0, NULL, NULL),
(277, 'aon', 'บันทึกการเคลื่อนไหวสินค้า', NULL, '2025-06-30 10:11:23', 'unknown', 'สินค้า: สายน้ำดี24นิ้วชักโครก (ID: 100049). ประเภท: ใช้ไป, จำนวน: 1, ยอดคงเหลือใหม่: 1', '2025-06-30 03:11:23', '2025-06-30 10:11:23', 0, 0, NULL, NULL),
(278, 'aon', 'บันทึกการเคลื่อนไหวสินค้า', NULL, '2025-06-30 10:12:12', 'unknown', 'สินค้า: มินิวาล์ว เกลียวนอก 2 ด้าน (ID: 100033). ประเภท: ใช้ไป, จำนวน: 1, ยอดคงเหลือใหม่: 3', '2025-06-30 03:12:12', '2025-06-30 10:12:12', 0, 0, NULL, NULL),
(279, 'aon', 'บันทึกการเคลื่อนไหวสินค้า', NULL, '2025-06-30 10:13:12', 'unknown', 'สินค้า: นิปเปิ้ล 4 หุน เกลียวนอกเกลียวใน (ID: 100032). ประเภท: ใช้ไป, จำนวน: 2, ยอดคงเหลือใหม่: 1', '2025-06-30 03:13:12', '2025-06-30 10:13:12', 0, 0, NULL, NULL),
(280, 'aon', 'บันทึกการเคลื่อนไหวสินค้า', NULL, '2025-06-30 10:17:59', 'unknown', 'สินค้า: เทปพันเกลียว (ID: 100077). ประเภท: ใช้ไป, จำนวน: 1, ยอดคงเหลือใหม่: 8', '2025-06-30 03:17:59', '2025-06-30 10:17:59', 0, 0, NULL, NULL),
(281, 'aon', 'บันทึกการเคลื่อนไหวสินค้า', NULL, '2025-06-30 10:18:31', 'unknown', 'สินค้า: สายฉีดชำระ (ID: 100017). ประเภท: ใช้ไป, จำนวน: 1, ยอดคงเหลือใหม่: 28', '2025-06-30 03:18:31', '2025-06-30 10:18:31', 0, 0, NULL, NULL),
(282, 'aon', 'บันทึกการเคลื่อนไหวสินค้า', NULL, '2025-06-30 10:19:23', 'unknown', 'สินค้า: คีย์การ์ดใหม่ (ID: 100063). ประเภท: ใช้ไป, จำนวน: 1, ยอดคงเหลือใหม่: 51', '2025-06-30 03:19:23', '2025-06-30 10:19:23', 0, 0, NULL, NULL),
(283, 'aon', 'ล็อกอินเข้าสู่ระบบ', NULL, '2025-06-30 10:51:50', 'unknown', NULL, '2025-06-30 03:51:50', '2025-06-30 10:51:50', 0, 0, NULL, NULL),
(284, 'aon', 'บันทึกการเคลื่อนไหวสินค้า', NULL, '2025-06-30 10:54:16', 'unknown', 'สินค้า: หลอดไฟ LED 11w Phi (ID: 100001). ประเภท: ใช้ไป, จำนวน: 1, ยอดคงเหลือใหม่: 23', '2025-06-30 03:54:16', '2025-06-30 10:54:16', 0, 0, NULL, NULL),
(285, 'admin', 'ล็อกอินเข้าสู่ระบบ', NULL, '2025-07-08 12:32:29', 'unknown', NULL, '2025-07-08 05:32:29', '2025-07-08 12:32:29', 0, 0, NULL, NULL),
(286, 'admin', 'ล็อกอินเข้าสู่ระบบ', NULL, '2025-07-08 16:18:49', 'unknown', NULL, '2025-07-08 09:18:49', '2025-07-08 16:18:49', 0, 0, NULL, NULL),
(287, 'aon', 'ล็อกอินเข้าสู่ระบบ', NULL, '2025-07-09 14:27:27', 'unknown', NULL, '2025-07-09 07:27:27', '2025-07-09 14:27:27', 0, 0, NULL, NULL),
(288, 'aon', 'ล็อกอินเข้าสู่ระบบ', NULL, '2025-07-15 17:41:02', 'unknown', NULL, '2025-07-15 10:41:02', '2025-07-15 17:41:02', 0, 0, NULL, NULL),
(289, 'aon', 'บันทึกการเคลื่อนไหวสินค้า', NULL, '2025-07-15 17:45:59', 'unknown', 'สินค้า: หลอดไฟ LED 11w Phi (ID: 100001). ประเภท: ใช้ไป, จำนวน: 1, ยอดคงเหลือใหม่: 22', '2025-07-15 10:45:59', '2025-07-15 17:45:59', 0, 0, NULL, NULL),
(290, 'aon', 'บันทึกการเคลื่อนไหวสินค้า', NULL, '2025-07-15 17:47:11', 'unknown', 'สินค้า: หลอดไฟ LED 11w Phi (ID: 100001). ประเภท: ใช้ไป, จำนวน: 4, ยอดคงเหลือใหม่: 18', '2025-07-15 10:47:11', '2025-07-15 17:47:11', 0, 0, NULL, NULL),
(291, 'aon', 'บันทึกการเคลื่อนไหวสินค้า', NULL, '2025-07-15 17:47:52', 'unknown', 'สินค้า: มินิวาล์ว เกลียวนอก 2 ด้าน (ID: 100033). ประเภท: ใช้ไป, จำนวน: 1, ยอดคงเหลือใหม่: 2', '2025-07-15 10:47:52', '2025-07-15 17:47:52', 0, 0, NULL, NULL),
(292, 'aon', 'บันทึกการเคลื่อนไหวสินค้า', NULL, '2025-07-15 17:48:35', 'unknown', 'สินค้า: สายน้ำดี24นิ้วชักโครก (ID: 100049). ประเภท: ใช้ไป, จำนวน: 1, ยอดคงเหลือใหม่: 0', '2025-07-15 10:48:35', '2025-07-15 17:48:35', 0, 0, NULL, NULL),
(293, 'aon', 'บันทึกการเคลื่อนไหวสินค้า', NULL, '2025-07-15 17:49:09', 'unknown', 'สินค้า: ก้านชาร์ป 14 นิ้ว (ID: 100087). ประเภท: ใช้ไป, จำนวน: 1, ยอดคงเหลือใหม่: 8', '2025-07-15 10:49:09', '2025-07-15 17:49:09', 0, 0, NULL, NULL),
(294, 'aon', 'บันทึกการเคลื่อนไหวสินค้า', NULL, '2025-07-15 17:49:48', 'unknown', 'สินค้า: กระปุกน้ำทิ้งอ่างล้างหน้า (ID: 100021). ประเภท: ใช้ไป, จำนวน: 1, ยอดคงเหลือใหม่: 5', '2025-07-15 10:49:48', '2025-07-15 17:49:48', 0, 0, NULL, NULL),
(295, 'aon', 'บันทึกการเคลื่อนไหวสินค้า', NULL, '2025-07-15 17:50:33', 'unknown', 'สินค้า: ก้านชาร์ป 14 นิ้ว (ID: 100087). ประเภท: ใช้ไป, จำนวน: 1, ยอดคงเหลือใหม่: 7', '2025-07-15 10:50:33', '2025-07-15 17:50:33', 0, 0, NULL, NULL),
(296, 'admin', 'ล็อกอินเข้าสู่ระบบ', NULL, '2025-07-15 17:50:54', 'unknown', NULL, '2025-07-15 10:50:54', '2025-07-15 17:50:54', 0, 0, NULL, NULL),
(297, 'aon', 'บันทึกการเคลื่อนไหวสินค้า', NULL, '2025-07-15 17:51:17', 'unknown', 'สินค้า: สะดืออ่างล้างจาน (ID: 100024). ประเภท: ใช้ไป, จำนวน: 1, ยอดคงเหลือใหม่: 0', '2025-07-15 10:51:17', '2025-07-15 17:51:17', 0, 0, NULL, NULL),
(298, 'aon', 'บันทึกการเคลื่อนไหวสินค้า', NULL, '2025-07-15 17:51:45', 'unknown', 'สินค้า: กระปุกน้ำทิ้งอ่างล้างหน้า (ID: 100021). ประเภท: ใช้ไป, จำนวน: 1, ยอดคงเหลือใหม่: 4', '2025-07-15 10:51:45', '2025-07-15 17:51:45', 0, 0, NULL, NULL),
(299, 'aon', 'บันทึกการเคลื่อนไหวสินค้า', NULL, '2025-07-15 17:52:25', 'unknown', 'สินค้า: ท่อย่นใหญ่ (ID: 100053). ประเภท: ใช้ไป, จำนวน: 1, ยอดคงเหลือใหม่: 17', '2025-07-15 10:52:25', '2025-07-15 17:52:25', 0, 0, NULL, NULL),
(300, 'aon', 'บันทึกการเคลื่อนไหวสินค้า', NULL, '2025-07-15 17:52:59', 'unknown', 'สินค้า: หลอดไฟ LED 11w Phi (ID: 100001). ประเภท: ใช้ไป, จำนวน: 1, ยอดคงเหลือใหม่: 17', '2025-07-15 10:52:59', '2025-07-15 17:52:59', 0, 0, NULL, NULL),
(301, 'aon', 'บันทึกการเคลื่อนไหวสินค้า', NULL, '2025-07-15 17:53:35', 'unknown', 'สินค้า: คีย์การ์ดใหม่ (ID: 100063). ประเภท: ใช้ไป, จำนวน: 1, ยอดคงเหลือใหม่: 50', '2025-07-15 10:53:35', '2025-07-15 17:53:35', 0, 0, NULL, NULL),
(302, 'aon', 'บันทึกการเคลื่อนไหวสินค้า', NULL, '2025-07-15 17:54:06', 'unknown', 'สินค้า: คีย์การ์ดใหม่ (ID: 100063). ประเภท: ใช้ไป, จำนวน: 1, ยอดคงเหลือใหม่: 49', '2025-07-15 10:54:06', '2025-07-15 17:54:06', 0, 0, NULL, NULL),
(303, 'aon', 'บันทึกการเคลื่อนไหวสินค้า', NULL, '2025-07-15 17:56:08', 'unknown', 'สินค้า: คีย์การ์ดใหม่ (ID: 100063). ประเภท: ใช้ไป, จำนวน: 1, ยอดคงเหลือใหม่: 48', '2025-07-15 10:56:08', '2025-07-15 17:56:08', 0, 0, NULL, NULL),
(304, 'aon', 'บันทึกการเคลื่อนไหวสินค้า', NULL, '2025-07-15 17:56:51', 'unknown', 'สินค้า: สายฉีดชำระ (ID: 100017). ประเภท: ใช้ไป, จำนวน: 1, ยอดคงเหลือใหม่: 27', '2025-07-15 10:56:51', '2025-07-15 17:56:51', 0, 0, NULL, NULL),
(305, 'aon', 'บันทึกการเคลื่อนไหวสินค้า', NULL, '2025-07-15 17:57:15', 'unknown', 'สินค้า: หลอดไฟ LED 11w Phi (ID: 100001). ประเภท: ใช้ไป, จำนวน: 1, ยอดคงเหลือใหม่: 16', '2025-07-15 10:57:15', '2025-07-15 17:57:15', 0, 0, NULL, NULL),
(306, 'aon', 'บันทึกการเคลื่อนไหวสินค้า', NULL, '2025-07-15 17:58:04', 'unknown', 'สินค้า: หลอด LED#170198-20W-6500K Moudle-Round (ID: 100089). ประเภท: ใช้ไป, จำนวน: 1, ยอดคงเหลือใหม่: 8', '2025-07-15 10:58:04', '2025-07-15 17:58:04', 0, 0, NULL, NULL),
(307, 'aon', 'บันทึกการเคลื่อนไหวสินค้า', NULL, '2025-07-15 17:58:45', 'unknown', 'สินค้า: ก็อกผนัง (ID: 100019). ประเภท: ใช้ไป, จำนวน: 1, ยอดคงเหลือใหม่: 6', '2025-07-15 10:58:45', '2025-07-15 17:58:45', 0, 0, NULL, NULL),
(308, 'aon', 'บันทึกการเคลื่อนไหวสินค้า', NULL, '2025-07-15 17:59:26', 'unknown', 'สินค้า: สายน้ำดี1เมตร (ID: 100051). ประเภท: ใช้ไป, จำนวน: 1, ยอดคงเหลือใหม่: 2', '2025-07-15 10:59:26', '2025-07-15 17:59:26', 0, 0, NULL, NULL),
(309, 'aon', 'บันทึกการเคลื่อนไหวสินค้า', NULL, '2025-07-15 17:59:51', 'unknown', 'สินค้า: หลอดไฟ LED 11w Phi (ID: 100001). ประเภท: รับเข้า, จำนวน: 60, ยอดคงเหลือใหม่: 76', '2025-07-15 10:59:51', '2025-07-15 17:59:51', 0, 0, NULL, NULL),
(310, 'aon', 'ล็อกอินเข้าสู่ระบบ', NULL, '2025-07-15 18:01:48', 'unknown', NULL, '2025-07-15 11:01:48', '2025-07-15 18:01:48', 0, 0, NULL, NULL),
(311, 'aon', 'บันทึกการเคลื่อนไหวสินค้า', NULL, '2025-07-15 18:03:37', 'unknown', 'สินค้า: หลอดไฟ LED 11w Phi (ID: 100001). ประเภท: ใช้ไป, จำนวน: 2, ยอดคงเหลือใหม่: 74', '2025-07-15 11:03:37', '2025-07-15 18:03:37', 0, 0, NULL, NULL),
(312, 'aon', 'บันทึกการเคลื่อนไหวสินค้า', NULL, '2025-07-15 18:04:24', 'unknown', 'สินค้า: หลอดไฟ LED 11w Phi (ID: 100001). ประเภท: ใช้ไป, จำนวน: 4, ยอดคงเหลือใหม่: 70', '2025-07-15 11:04:24', '2025-07-15 18:04:24', 0, 0, NULL, NULL),
(313, 'aon', 'บันทึกการเคลื่อนไหวสินค้า', NULL, '2025-07-15 18:05:09', 'unknown', 'สินค้า: กาวร้อน (ID: 100079). ประเภท: ใช้ไป, จำนวน: 2, ยอดคงเหลือใหม่: 1', '2025-07-15 11:05:09', '2025-07-15 18:05:09', 0, 0, NULL, NULL),
(314, 'aon', 'บันทึกการเคลื่อนไหวสินค้า', NULL, '2025-07-15 18:05:55', 'unknown', 'สินค้า: ฝาชักโครก (ID: 100068). ประเภท: ใช้ไป, จำนวน: 1, ยอดคงเหลือใหม่: 1', '2025-07-15 11:05:55', '2025-07-15 18:05:55', 0, 0, NULL, NULL),
(315, 'aon', 'บันทึกการเคลื่อนไหวสินค้า', NULL, '2025-07-15 18:08:36', 'unknown', 'สินค้า: ฝาชักโครก (ID: 100068). ประเภท: ใช้ไป, จำนวน: 1, ยอดคงเหลือใหม่: 0', '2025-07-15 11:08:36', '2025-07-15 18:08:36', 0, 0, NULL, NULL),
(316, 'aon', 'บันทึกการเคลื่อนไหวสินค้า', NULL, '2025-07-15 18:08:52', 'unknown', 'สินค้า: ฝาชักโครก (ID: 100068). ประเภท: รับเข้า, จำนวน: 3, ยอดคงเหลือใหม่: 3', '2025-07-15 11:08:52', '2025-07-15 18:08:52', 0, 0, NULL, NULL),
(317, 'aon', 'บันทึกการเคลื่อนไหวสินค้า', NULL, '2025-07-15 18:09:18', 'unknown', 'สินค้า: ฝาชักโครก (ID: 100068). ประเภท: ใช้ไป, จำนวน: 1, ยอดคงเหลือใหม่: 2', '2025-07-15 11:09:18', '2025-07-15 18:09:18', 0, 0, NULL, NULL),
(318, 'admin', 'ล็อกอินเข้าสู่ระบบ', NULL, '2025-07-16 11:25:41', 'unknown', NULL, '2025-07-16 04:25:41', '2025-07-16 11:25:41', 0, 0, NULL, NULL),
(319, 'aon', 'ล็อกอินเข้าสู่ระบบ', NULL, '2025-07-16 11:27:34', 'unknown', NULL, '2025-07-16 04:27:34', '2025-07-16 11:27:34', 0, 0, NULL, NULL),
(320, 'aon', 'ล็อกอินเข้าสู่ระบบ', NULL, '2025-07-16 11:35:36', 'unknown', NULL, '2025-07-16 04:35:36', '2025-07-16 11:35:36', 0, 0, NULL, NULL),
(321, 'aon', 'บันทึกการเคลื่อนไหวสินค้า', NULL, '2025-07-16 11:36:58', 'unknown', 'สินค้า: เครื่องปรับอากาศแคเรียร์ 18000 btu (ID: 100105). ประเภท: รับเข้า, จำนวน: 5, ยอดคงเหลือใหม่: 5', '2025-07-16 04:36:58', '2025-07-16 11:36:58', 0, 0, NULL, NULL),
(322, 'admin', 'ล็อกอินเข้าสู่ระบบ', NULL, '2025-07-16 11:45:00', 'unknown', NULL, '2025-07-16 04:45:00', '2025-07-16 11:45:00', 0, 0, NULL, NULL),
(323, 'aon', 'ล็อกอินเข้าสู่ระบบ', NULL, '2025-07-16 11:50:17', 'unknown', NULL, '2025-07-16 04:50:17', '2025-07-16 11:50:17', 0, 0, NULL, NULL),
(324, 'aon', 'ล็อกอินเข้าสู่ระบบ', NULL, '2025-07-16 12:04:04', 'unknown', NULL, '2025-07-16 05:04:04', '2025-07-16 12:04:04', 0, 0, NULL, NULL),
(325, 'aon', 'ล็อกอินเข้าสู่ระบบ', NULL, '2025-07-16 13:18:24', 'unknown', NULL, '2025-07-16 06:18:24', '2025-07-16 13:18:24', 0, 0, NULL, NULL),
(326, 'admin', 'ล็อกอินเข้าสู่ระบบ', NULL, '2025-07-16 13:30:08', 'unknown', NULL, '2025-07-16 06:30:08', '2025-07-16 13:30:08', 0, 0, NULL, NULL),
(327, 'aon', 'ล็อกอินเข้าสู่ระบบ', NULL, '2025-07-16 14:51:26', 'unknown', NULL, '2025-07-16 07:51:26', '2025-07-16 14:51:26', 0, 0, NULL, NULL),
(328, 'admin', 'ล็อกอินเข้าสู่ระบบ', NULL, '2025-07-16 15:16:40', 'unknown', NULL, '2025-07-16 08:16:40', '2025-07-16 15:16:40', 0, 0, NULL, NULL),
(329, 'admin', 'ล็อกอินเข้าสู่ระบบ', NULL, '2025-07-16 15:20:11', 'unknown', NULL, '2025-07-16 08:20:11', '2025-07-16 15:20:11', 0, 0, NULL, NULL),
(330, 'aon', 'ล็อกอินเข้าสู่ระบบ', NULL, '2025-07-16 16:09:24', 'unknown', NULL, '2025-07-16 09:09:24', '2025-07-16 16:09:24', 0, 0, NULL, NULL),
(331, 'admin', 'ล็อกอินเข้าสู่ระบบ', NULL, '2025-07-16 16:20:11', 'unknown', NULL, '2025-07-16 09:20:11', '2025-07-16 16:20:11', 0, 0, NULL, NULL),
(338, 'aon', 'ล็อกอินเข้าสู่ระบบ', NULL, '2025-07-20 17:06:31', 'unknown', NULL, '2025-07-20 10:06:31', '2025-07-20 17:06:31', 0, 0, NULL, NULL),
(339, 'aon', 'บันทึกการเคลื่อนไหวสินค้า', NULL, '2025-07-20 17:07:56', 'unknown', 'สินค้า: โมทีฟประตูRH (ID: 100057). ประเภท: ใช้ไป, จำนวน: 3, ยอดคงเหลือใหม่: 0', '2025-07-20 10:07:56', '2025-07-20 17:07:56', 0, 0, NULL, NULL),
(340, 'aon', 'ให้ยืมสินค้า (รับคืนแล้ว)', 100065, '2025-07-20 12:11:36', 'unknown', NULL, '2025-07-20 10:11:36', '2025-07-20 17:11:36', 0, 1, 'MP2 ห้อง 523', NULL),
(341, 'aon', 'บันทึกการเคลื่อนไหวสินค้า', NULL, '2025-07-20 17:22:15', 'unknown', 'สินค้า: รีโมทแอร์ fujisu (ID: 100072). ประเภท: ใช้ไป, จำนวน: 2, ยอดคงเหลือใหม่: 0', '2025-07-20 10:22:15', '2025-07-20 17:22:15', 0, 0, NULL, NULL),
(342, 'aon', 'บันทึกการเคลื่อนไหวสินค้า', NULL, '2025-07-20 17:22:52', 'unknown', 'สินค้า: ไฟกิ่งใน (ID: 100090). ประเภท: ใช้ไป, จำนวน: 1, ยอดคงเหลือใหม่: 0', '2025-07-20 10:22:52', '2025-07-20 17:22:52', 0, 0, NULL, NULL),
(343, 'aon', 'บันทึกการเคลื่อนไหวสินค้า', NULL, '2025-07-20 17:23:56', 'unknown', 'สินค้า: หลอดไฟ 32 w (ID: 100005). ประเภท: ใช้ไป, จำนวน: 3, ยอดคงเหลือใหม่: 25', '2025-07-20 10:23:56', '2025-07-20 17:23:56', 0, 0, NULL, NULL),
(344, 'aon', 'บันทึกการเคลื่อนไหวสินค้า', NULL, '2025-07-20 17:25:07', 'unknown', 'สินค้า: หลอด LED#170198-20W-6500K Moudle-Round (ID: 100089). ประเภท: ใช้ไป, จำนวน: 1, ยอดคงเหลือใหม่: 7', '2025-07-20 10:25:07', '2025-07-20 17:25:07', 0, 0, NULL, NULL),
(345, 'aon', 'บันทึกการเคลื่อนไหวสินค้า', NULL, '2025-07-20 17:25:37', 'unknown', 'สินค้า: หลอด LED#170198-20W-6500K Moudle-Round (ID: 100089). ประเภท: รับเข้า, จำนวน: 10, ยอดคงเหลือใหม่: 17', '2025-07-20 10:25:37', '2025-07-20 17:25:37', 0, 0, NULL, NULL),
(346, 'aon', 'บันทึกการเคลื่อนไหวสินค้า', NULL, '2025-07-20 17:26:49', 'unknown', 'สินค้า: หลอดนีออนยาว 36 w (ID: 100006). ประเภท: ใช้ไป, จำนวน: 3, ยอดคงเหลือใหม่: 2', '2025-07-20 10:26:49', '2025-07-20 17:26:49', 0, 0, NULL, NULL),
(347, 'aon', 'บันทึกการเคลื่อนไหวสินค้า', NULL, '2025-07-20 17:27:54', 'unknown', 'สินค้า: สายน้ำดี20นิ้ว (ID: 100047). ประเภท: ใช้ไป, จำนวน: 1, ยอดคงเหลือใหม่: 1', '2025-07-20 10:27:54', '2025-07-20 17:27:54', 0, 0, NULL, NULL),
(348, 'aon', 'บันทึกการเคลื่อนไหวสินค้า', NULL, '2025-07-20 17:29:20', 'unknown', 'สินค้า: สะดืออ่างโถปัสสาวะ (ID: 100023). ประเภท: ใช้ไป, จำนวน: 1, ยอดคงเหลือใหม่: 0', '2025-07-20 10:29:20', '2025-07-20 17:29:20', 0, 0, NULL, NULL),
(349, 'aon', 'บันทึกการเคลื่อนไหวสินค้า', NULL, '2025-07-20 17:29:58', 'unknown', 'สินค้า: ก็อกโค้ง (ID: 100020). ประเภท: ใช้ไป, จำนวน: 1, ยอดคงเหลือใหม่: 2', '2025-07-20 10:29:58', '2025-07-20 17:29:58', 0, 0, NULL, NULL),
(350, 'aon', 'บันทึกการเคลื่อนไหวสินค้า', NULL, '2025-07-20 17:30:38', 'unknown', 'สินค้า: ตาแมว (ID: 100036). ประเภท: ใช้ไป, จำนวน: 1, ยอดคงเหลือใหม่: 6', '2025-07-20 10:30:38', '2025-07-20 17:30:38', 0, 0, NULL, NULL),
(351, 'aon', 'บันทึกการเคลื่อนไหวสินค้า', NULL, '2025-07-20 17:31:48', 'unknown', 'สินค้า: คีย์การ์ดโปร (ID: 100064). ประเภท: ใช้ไป, จำนวน: 1, ยอดคงเหลือใหม่: 26', '2025-07-20 10:31:48', '2025-07-20 17:31:48', 0, 0, NULL, NULL),
(352, 'aon', 'บันทึกการเคลื่อนไหวสินค้า', NULL, '2025-07-20 17:31:58', 'unknown', 'สินค้า: คีย์การ์ดโปร (ID: 100064). ประเภท: รับเข้า, จำนวน: 1, ยอดคงเหลือใหม่: 27', '2025-07-20 10:31:58', '2025-07-20 17:31:58', 0, 0, NULL, NULL),
(353, 'aon', 'ล็อกอินเข้าสู่ระบบ', NULL, '2025-07-20 17:37:04', 'unknown', NULL, '2025-07-20 10:37:04', '2025-07-20 17:37:04', 0, 0, NULL, NULL),
(354, 'aon', 'บันทึกการเคลื่อนไหวสินค้า', NULL, '2025-07-20 17:38:48', 'unknown', 'สินค้า: สะดืออ่างล้างจาน (ID: 100024). ประเภท: รับเข้า, จำนวน: 5, ยอดคงเหลือใหม่: 5', '2025-07-20 10:38:48', '2025-07-20 17:38:48', 0, 0, NULL, NULL),
(355, 'aon', 'บันทึกการเคลื่อนไหวสินค้า', NULL, '2025-07-20 17:39:10', 'unknown', 'สินค้า: ก็อกโค้ง (ID: 100020). ประเภท: รับเข้า, จำนวน: 3, ยอดคงเหลือใหม่: 5', '2025-07-20 10:39:10', '2025-07-20 17:39:10', 0, 0, NULL, NULL),
(356, 'aon', 'บันทึกการเคลื่อนไหวสินค้า', NULL, '2025-07-20 17:40:15', 'unknown', 'สินค้า: สายน้ำดี24นิ้วชักโครก (ID: 100049). ประเภท: รับเข้า, จำนวน: 3, ยอดคงเหลือใหม่: 3', '2025-07-20 10:40:15', '2025-07-20 17:40:15', 0, 0, NULL, NULL),
(357, 'aon', 'บันทึกการเคลื่อนไหวสินค้า', NULL, '2025-07-20 17:40:40', 'unknown', 'สินค้า: สายน้ำดี20นิ้ว (ID: 100047). ประเภท: รับเข้า, จำนวน: 3, ยอดคงเหลือใหม่: 4', '2025-07-20 10:40:40', '2025-07-20 17:40:40', 0, 0, NULL, NULL),
(358, 'aon', 'บันทึกการเคลื่อนไหวสินค้า', NULL, '2025-07-20 17:41:06', 'unknown', 'สินค้า: สายน้ำดี24นิ้ว (ID: 100048). ประเภท: รับเข้า, จำนวน: 3, ยอดคงเหลือใหม่: 5', '2025-07-20 10:41:06', '2025-07-20 17:41:06', 0, 0, NULL, NULL),
(359, 'aon', 'บันทึกการเคลื่อนไหวสินค้า', NULL, '2025-07-20 17:41:28', 'unknown', 'สินค้า: สายน้ำดี32นิ้ว (ID: 100050). ประเภท: รับเข้า, จำนวน: 2, ยอดคงเหลือใหม่: 3', '2025-07-20 10:41:28', '2025-07-20 17:41:28', 0, 0, NULL, NULL),
(360, 'aon', 'บันทึกการเคลื่อนไหวสินค้า', NULL, '2025-07-20 17:41:52', 'unknown', 'สินค้า: นิปเปิ้ล 4 หุน เกลียวนอกเกลียวใน (ID: 100032). ประเภท: รับเข้า, จำนวน: 5, ยอดคงเหลือใหม่: 6', '2025-07-20 10:41:52', '2025-07-20 17:41:52', 0, 0, NULL, NULL),
(361, 'aon', 'บันทึกการเคลื่อนไหวสินค้า', NULL, '2025-07-20 17:42:23', 'unknown', 'สินค้า: มินิวาล์ว เกลียวนอก 2 ด้าน (ID: 100033). ประเภท: รับเข้า, จำนวน: 5, ยอดคงเหลือใหม่: 7', '2025-07-20 10:42:23', '2025-07-20 17:42:23', 0, 0, NULL, NULL),
(362, 'aon', 'บันทึกการเคลื่อนไหวสินค้า', NULL, '2025-07-20 17:44:12', 'unknown', 'สินค้า: คีย์การ์ดใหม่ (ID: 100063). ประเภท: ใช้ไป, จำนวน: 1, ยอดคงเหลือใหม่: 47', '2025-07-20 10:44:12', '2025-07-20 17:44:12', 0, 0, NULL, NULL),
(363, 'aon', 'ล็อกอินเข้าสู่ระบบ', NULL, '2025-07-30 14:45:50', 'unknown', NULL, '2025-07-30 07:45:50', '2025-07-30 14:45:50', 0, 0, NULL, NULL),
(364, 'aon', 'บันทึกการเคลื่อนไหวสินค้า', NULL, '2025-07-30 14:47:17', 'unknown', 'สินค้า: หลอดไฟ LED 11w Phi (ID: 100001). ประเภท: รับเข้า, จำนวน: 1, ยอดคงเหลือใหม่: 71', '2025-07-30 07:47:17', '2025-07-30 14:47:17', 0, 0, NULL, NULL),
(365, 'aon', 'ให้ยืมสินค้า', 100019, '2025-07-30 09:48:47', 'unknown', NULL, '2025-07-30 07:48:47', '2025-07-30 14:48:47', 0, 1, 'sup ห้อง 717', NULL),
(366, 'aon', 'บันทึกการเคลื่อนไหวสินค้า', NULL, '2025-07-30 14:49:45', 'unknown', 'สินค้า: หลอดไฟ LED 11w Phi (ID: 100001). ประเภท: ใช้ไป, จำนวน: 5, ยอดคงเหลือใหม่: 66', '2025-07-30 07:49:45', '2025-07-30 14:49:45', 0, 0, NULL, NULL),
(367, 'aon', 'บันทึกการเคลื่อนไหวสินค้า', NULL, '2025-07-30 14:50:43', 'unknown', 'สินค้า: หลอด LED#170198-20W-6500K Moudle-Round (ID: 100089). ประเภท: ใช้ไป, จำนวน: 1, ยอดคงเหลือใหม่: 16', '2025-07-30 07:50:43', '2025-07-30 14:50:43', 0, 0, NULL, NULL),
(368, 'aon', 'บันทึกการเคลื่อนไหวสินค้า', NULL, '2025-07-30 14:51:09', 'unknown', 'สินค้า: หลอดไฟ LED 11w Phi (ID: 100001). ประเภท: ใช้ไป, จำนวน: 1, ยอดคงเหลือใหม่: 65', '2025-07-30 07:51:09', '2025-07-30 14:51:09', 0, 0, NULL, NULL),
(369, 'aon', 'บันทึกการเคลื่อนไหวสินค้า', NULL, '2025-07-30 14:51:55', 'unknown', 'สินค้า: ท่อย่นใหญ่ (ID: 100053). ประเภท: ใช้ไป, จำนวน: 1, ยอดคงเหลือใหม่: 16', '2025-07-30 07:51:55', '2025-07-30 14:51:55', 0, 0, NULL, NULL),
(370, 'aon', 'บันทึกการเคลื่อนไหวสินค้า', NULL, '2025-07-30 14:52:34', 'unknown', 'สินค้า: หลอดไฟ LED 11w Phi (ID: 100001). ประเภท: ใช้ไป, จำนวน: 1, ยอดคงเหลือใหม่: 64', '2025-07-30 07:52:34', '2025-07-30 14:52:34', 0, 0, NULL, NULL),
(371, 'aon', 'บันทึกการเคลื่อนไหวสินค้า', NULL, '2025-07-30 14:53:07', 'unknown', 'สินค้า: ก็อกอ่างล้างหน้า (ID: 100018). ประเภท: ใช้ไป, จำนวน: 1, ยอดคงเหลือใหม่: 17', '2025-07-30 07:53:07', '2025-07-30 14:53:07', 0, 0, NULL, NULL),
(372, 'aon', 'บันทึกการเคลื่อนไหวสินค้า', NULL, '2025-07-30 14:53:41', 'unknown', 'สินค้า: สายน้ำดี20นิ้ว (ID: 100047). ประเภท: ใช้ไป, จำนวน: 1, ยอดคงเหลือใหม่: 3', '2025-07-30 07:53:41', '2025-07-30 14:53:41', 0, 0, NULL, NULL),
(373, 'aon', 'ล็อกอินเข้าสู่ระบบ', NULL, '2025-07-30 15:17:35', 'unknown', NULL, '2025-07-30 08:17:35', '2025-07-30 15:17:35', 0, 0, NULL, NULL),
(374, 'aon', 'บันทึกการเคลื่อนไหวสินค้า', NULL, '2025-07-30 15:18:16', 'unknown', 'สินค้า: ก้านชาร์ป 14 นิ้ว (ID: 100087). ประเภท: ใช้ไป, จำนวน: 1, ยอดคงเหลือใหม่: 6', '2025-07-30 08:18:16', '2025-07-30 15:18:16', 0, 0, NULL, NULL),
(375, 'aon', 'บันทึกการเคลื่อนไหวสินค้า', NULL, '2025-07-30 15:18:52', 'unknown', 'สินค้า: กระปุกน้ำทิ้งอ่างล้างหน้า (ID: 100021). ประเภท: ใช้ไป, จำนวน: 1, ยอดคงเหลือใหม่: 3', '2025-07-30 08:18:52', '2025-07-30 15:18:52', 0, 0, NULL, NULL),
(376, 'aon', 'บันทึกการเคลื่อนไหวสินค้า', NULL, '2025-07-30 15:19:27', 'unknown', 'สินค้า: หลอดไฟ LED 11w Phi (ID: 100001). ประเภท: ใช้ไป, จำนวน: 1, ยอดคงเหลือใหม่: 63', '2025-07-30 08:19:27', '2025-07-30 15:19:27', 0, 0, NULL, NULL),
(377, 'aon', 'บันทึกการเคลื่อนไหวสินค้า', NULL, '2025-07-30 15:20:02', 'unknown', 'สินค้า: ฝักบัว (ID: 100016). ประเภท: รับเข้า, จำนวน: 1, ยอดคงเหลือใหม่: 1', '2025-07-30 08:20:02', '2025-07-30 15:20:02', 0, 0, NULL, NULL),
(378, 'aon', 'บันทึกการเคลื่อนไหวสินค้า', NULL, '2025-07-30 15:20:22', 'unknown', 'สินค้า: ฝักบัว (ID: 100016). ประเภท: ใช้ไป, จำนวน: 1, ยอดคงเหลือใหม่: 0', '2025-07-30 08:20:22', '2025-07-30 15:20:22', 0, 0, NULL, NULL),
(379, 'aon', 'บันทึกการเคลื่อนไหวสินค้า', NULL, '2025-07-30 15:21:43', 'unknown', 'สินค้า: สายฉีดชำระ (ID: 100017). ประเภท: ใช้ไป, จำนวน: 1, ยอดคงเหลือใหม่: 26', '2025-07-30 08:21:43', '2025-07-30 15:21:43', 0, 0, NULL, NULL),
(380, 'aon', 'บันทึกการเคลื่อนไหวสินค้า', NULL, '2025-07-30 15:22:32', 'unknown', 'สินค้า: กระปุกน้ำทิ้งอ่างล้างหน้า (ID: 100021). ประเภท: ใช้ไป, จำนวน: 1, ยอดคงเหลือใหม่: 2', '2025-07-30 08:22:32', '2025-07-30 15:22:32', 0, 0, NULL, NULL),
(381, 'aon', 'บันทึกการเคลื่อนไหวสินค้า', NULL, '2025-07-30 15:23:03', 'unknown', 'สินค้า: สายน้ำดี20นิ้ว (ID: 100047). ประเภท: ใช้ไป, จำนวน: 1, ยอดคงเหลือใหม่: 2', '2025-07-30 08:23:03', '2025-07-30 15:23:03', 0, 0, NULL, NULL),
(382, 'aon', 'บันทึกการเคลื่อนไหวสินค้า', NULL, '2025-07-30 15:24:03', 'unknown', 'สินค้า: หลอดไฟ LED 11w Phi (ID: 100001). ประเภท: ใช้ไป, จำนวน: 1, ยอดคงเหลือใหม่: 62', '2025-07-30 08:24:03', '2025-07-30 15:24:03', 0, 0, NULL, NULL),
(383, 'aon', 'บันทึกการเคลื่อนไหวสินค้า', NULL, '2025-07-30 15:24:30', 'unknown', 'สินค้า: หลอดไฟ LED 11w Phi (ID: 100001). ประเภท: ใช้ไป, จำนวน: 1, ยอดคงเหลือใหม่: 61', '2025-07-30 08:24:30', '2025-07-30 15:24:30', 0, 0, NULL, NULL),
(384, 'aon', 'บันทึกการเคลื่อนไหวสินค้า', NULL, '2025-07-30 15:24:58', 'unknown', 'สินค้า: หลอดไฟ LED 11w Phi (ID: 100001). ประเภท: ใช้ไป, จำนวน: 1, ยอดคงเหลือใหม่: 60', '2025-07-30 08:24:58', '2025-07-30 15:24:58', 0, 0, NULL, NULL),
(385, 'aon', 'บันทึกการเคลื่อนไหวสินค้า', NULL, '2025-07-30 15:25:58', 'unknown', 'สินค้า: หลอดไฟ LED 11w Phi (ID: 100001). ประเภท: ใช้ไป, จำนวน: 3, ยอดคงเหลือใหม่: 57', '2025-07-30 08:25:58', '2025-07-30 15:25:58', 0, 0, NULL, NULL),
(386, 'admin', 'ล็อกอินเข้าสู่ระบบ', NULL, '2025-08-02 18:26:58', 'unknown', NULL, '2025-08-02 11:26:58', '2025-08-02 18:26:58', 0, 0, NULL, NULL),
(387, 'admin', 'ล็อกอินเข้าสู่ระบบ', NULL, '2025-08-02 18:53:09', 'unknown', NULL, '2025-08-02 11:53:09', '2025-08-02 18:53:09', 0, 0, NULL, NULL),
(388, 'aon', 'ล็อกอินเข้าสู่ระบบ', NULL, '2025-08-05 12:46:23', 'unknown', NULL, '2025-08-05 05:46:23', '2025-08-05 12:46:23', 0, 0, NULL, NULL),
(389, 'aon', 'บันทึกการเคลื่อนไหวสินค้า', NULL, '2025-08-05 13:10:23', 'unknown', 'สินค้า: เครื่องปรับอากาศแคเรียร์ 18000 btu (ID: 100105). ประเภท: ใช้ไป, จำนวน: 4, ยอดคงเหลือใหม่: 0', '2025-08-05 06:10:23', '2025-08-05 13:10:23', 0, 0, NULL, NULL),
(390, 'aon', 'ล็อกอินเข้าสู่ระบบ', NULL, '2025-08-09 12:44:39', 'unknown', NULL, '2025-08-09 05:44:39', '2025-08-09 12:44:39', 0, 0, NULL, NULL),
(391, 'admin', 'ล็อกอินเข้าสู่ระบบ', NULL, '2025-08-09 13:25:20', 'unknown', NULL, '2025-08-09 06:25:20', '2025-08-09 13:25:20', 0, 0, NULL, NULL),
(392, 'nong', 'ล็อกอินเข้าสู่ระบบ', NULL, '2025-08-09 13:25:45', 'unknown', NULL, '2025-08-09 06:25:45', '2025-08-09 13:25:45', 0, 0, NULL, NULL),
(393, 'admin', 'ล็อกอินเข้าสู่ระบบ', NULL, '2025-08-09 15:16:10', 'unknown', NULL, '2025-08-09 08:16:10', '2025-08-09 15:16:10', 0, 0, NULL, NULL),
(398, 'admin', '0', 100269, '2025-08-09 11:18:18', 'unknown', NULL, '2025-08-09 09:18:18', '2025-08-09 16:18:18', 0, 99, 'คืน log_id=397', NULL),
(399, 'admin', 'ล็อกอินเข้าสู่ระบบ', NULL, '2025-09-06 09:59:11', 'unknown', NULL, '2025-09-06 02:59:11', '2025-09-06 09:59:11', 0, 0, NULL, NULL),
(400, 'admin', 'ใช้ไป', 100063, '2025-09-06 10:01:34', 'unknown', NULL, '2025-07-31 22:01:34', '2025-09-06 10:01:34', 0, 1, '1811', NULL),
(401, 'admin', 'ใช้ไป', 100017, '2025-09-06 10:01:34', 'unknown', NULL, '2025-08-02 22:01:34', '2025-09-06 10:01:34', 0, 1, '1317', NULL),
(402, 'admin', 'ใช้ไป', 100001, '2025-09-06 10:01:34', 'unknown', NULL, '2025-09-05 22:01:34', '2025-09-06 10:01:34', 0, 1, 'ส่วนกลางหน้าห้อง 1807', NULL),
(403, 'admin', 'ล็อกอินเข้าสู่ระบบ', NULL, '2025-09-06 10:10:16', 'unknown', NULL, '2025-09-06 03:10:16', '2025-09-06 10:10:16', 0, 0, NULL, NULL),
(404, 'admin', 'ใช้ไป', 100001, '2025-09-06 10:28:21', 'unknown', NULL, '2025-08-03 22:28:21', '2025-09-06 10:28:21', 0, 1, '1802', NULL),
(405, 'admin', 'ใช้ไป', 100071, '2025-09-06 10:28:21', 'unknown', NULL, '2025-08-03 22:28:21', '2025-09-06 10:28:21', 0, 1, '1514', NULL),
(406, 'admin', 'ใช้ไป', 100024, '2025-09-06 10:28:21', 'unknown', NULL, '2025-08-03 22:28:21', '2025-09-06 10:28:21', 0, 1, '1514', NULL),
(407, 'admin', 'ใช้ไป', 100063, '2025-09-06 10:28:21', 'unknown', NULL, '2025-08-07 22:28:21', '2025-09-06 10:28:21', 0, 1, '1819', NULL),
(408, 'admin', 'ใช้ไป', 100033, '2025-09-06 10:28:21', 'unknown', NULL, '2025-08-07 22:28:21', '2025-09-06 10:28:21', 0, 1, '1808', NULL),
(409, 'admin', 'ใช้ไป', 100087, '2025-09-06 10:28:21', 'unknown', NULL, '2025-08-07 22:28:21', '2025-09-06 10:28:21', 0, 1, '1612', NULL),
(410, 'admin', 'ใช้ไป', 100021, '2025-09-06 10:28:21', 'unknown', NULL, '2025-08-07 22:28:21', '2025-09-06 10:28:21', 0, 1, '1612', NULL),
(411, 'admin', 'ใช้ไป', 100047, '2025-09-06 10:28:21', 'unknown', NULL, '2025-08-07 22:28:21', '2025-09-06 10:28:21', 0, 1, '1612', NULL),
(412, 'admin', 'ใช้ไป', 100033, '2025-09-06 10:28:21', 'unknown', NULL, '2025-08-07 22:28:21', '2025-09-06 10:28:21', 0, 1, '1612', NULL),
(413, 'admin', 'ใช้ไป', 100018, '2025-09-06 10:28:21', 'unknown', NULL, '2025-08-07 22:28:21', '2025-09-06 10:28:21', 0, 1, '1612', NULL),
(414, 'admin', 'ล็อกอินเข้าสู่ระบบ', NULL, '2025-09-06 11:33:07', 'unknown', NULL, '2025-09-06 04:33:07', '2025-09-06 11:33:07', 0, 0, NULL, NULL),
(415, 'admin', 'ระงับสินค้าเรียบร้อย: p_id = 100269', NULL, '2025-09-06 11:53:41', '192.168.1.238', NULL, '2025-09-06 04:53:41', '2025-09-06 11:53:41', 0, 0, NULL, NULL),
(416, 'admin', 'ใช้ไป', 100089, '2025-09-06 12:00:39', 'unknown', NULL, '2025-08-09 00:00:39', '2025-09-06 12:00:39', 0, 1, '1813', NULL),
(417, 'admin', 'ใช้ไป', 100018, '2025-09-06 12:00:39', 'unknown', NULL, '2025-08-09 00:00:39', '2025-09-06 12:00:39', 0, 1, '1519', NULL),
(418, 'admin', 'ใช้ไป', 100018, '2025-09-06 12:00:39', 'unknown', NULL, '2025-08-10 00:00:39', '2025-09-06 12:00:39', 0, 1, '1418', NULL),
(419, 'admin', 'ใช้ไป', 100048, '2025-09-06 12:00:39', 'unknown', NULL, '2025-08-10 00:00:39', '2025-09-06 12:00:39', 0, 1, '1418', NULL),
(420, 'admin', 'ใช้ไป', 100001, '2025-09-06 12:02:53', 'unknown', NULL, '2025-08-10 00:02:53', '2025-09-06 12:02:53', 0, 1, 'หน้าลิฟ ชั้น 8', NULL),
(421, 'admin', 'ใช้ไป', 100065, '2025-09-06 12:11:11', 'unknown', NULL, '2025-08-13 00:11:11', '2025-09-06 12:11:11', 0, 1, '1712', NULL),
(422, 'admin', 'ใช้ไป', 100051, '2025-09-06 12:11:11', 'unknown', NULL, '2025-08-13 00:11:11', '2025-09-06 12:11:11', 0, 1, '1712', NULL),
(423, 'admin', 'ใช้ไป', 100017, '2025-09-06 12:11:11', 'unknown', NULL, '2025-08-13 00:11:11', '2025-09-06 12:11:11', 0, 1, '1712', NULL);
INSERT INTO `tbl_action_log` (`id`, `username`, `action`, `p_id`, `log_time`, `ip_address`, `description`, `log_date`, `created_at`, `borrow_status`, `quantity`, `remarks`, `details`) VALUES
(424, 'admin', 'ใช้ไป', 100077, '2025-09-06 12:11:11', 'unknown', NULL, '2025-08-13 00:11:11', '2025-09-06 12:11:11', 0, 1, '1712', NULL),
(425, 'admin', 'ใช้ไป', 100079, '2025-09-06 12:11:11', 'unknown', NULL, '2025-08-13 00:11:11', '2025-09-06 12:11:11', 0, 1, '1712', NULL),
(426, 'admin', 'ใช้ไป', 100019, '2025-09-06 12:11:11', 'unknown', NULL, '2025-08-13 00:11:11', '2025-09-06 12:11:11', 0, 1, '1712', NULL),
(427, 'admin', 'ใช้ไป', 100018, '2025-09-06 12:11:11', 'unknown', NULL, '2025-08-14 00:11:11', '2025-09-06 12:11:11', 0, 1, '1712', NULL),
(428, 'admin', 'ใช้ไป', 100047, '2025-09-06 12:11:11', 'unknown', NULL, '2025-08-14 00:11:11', '2025-09-06 12:11:11', 0, 1, '1712', NULL),
(429, 'admin', 'ใช้ไป', 100021, '2025-09-06 12:11:11', 'unknown', NULL, '2025-08-14 00:11:11', '2025-09-06 12:11:11', 0, 1, '1712', NULL),
(430, 'admin', 'ใช้ไป', 100087, '2025-09-06 12:11:11', 'unknown', NULL, '2025-08-14 00:11:11', '2025-09-06 12:11:11', 0, 1, '1712', NULL),
(431, 'admin', 'ใช้ไป', 100040, '2025-09-06 12:11:11', 'unknown', NULL, '2025-08-14 00:11:11', '2025-09-06 12:11:11', 0, 1, '1712', NULL),
(432, 'admin', 'ใช้ไป', 100047, '2025-09-06 12:14:16', 'unknown', NULL, '2025-08-15 00:14:16', '2025-09-06 12:14:16', 0, 1, '1619', NULL),
(433, 'admin', 'ใช้ไป', 100021, '2025-09-06 12:18:41', 'unknown', NULL, '2025-08-16 00:18:41', '2025-09-06 12:18:41', 0, 1, '1406', NULL),
(434, 'admin', 'ใช้ไป', 100087, '2025-09-06 12:18:41', 'unknown', NULL, '2025-08-16 00:18:41', '2025-09-06 12:18:41', 0, 1, '1406', NULL),
(435, 'admin', 'ใช้ไป', 100018, '2025-09-06 12:18:41', 'unknown', NULL, '2025-08-17 00:18:41', '2025-09-06 12:18:41', 0, 1, '1210', NULL),
(436, 'admin', 'ใช้ไป', 100001, '2025-09-06 12:18:41', 'unknown', NULL, '2025-08-18 00:18:41', '2025-09-06 12:18:41', 0, 1, 'ส่วนกลางชั้น 3 หน้า 1304', NULL),
(437, 'admin', 'ใช้ไป', 100001, '2025-09-06 12:18:41', 'unknown', NULL, '2025-08-18 00:18:41', '2025-09-06 12:18:41', 0, 1, 'ส่วนกลางชั้น 3 หน้า 1314', NULL),
(438, 'admin', 'ใช้ไป', 100015, '2025-09-06 12:18:41', 'unknown', NULL, '2025-08-18 00:18:41', '2025-09-06 12:18:41', 0, 4, '1617 , 1812', NULL),
(439, 'admin', 'ใช้ไป', 100047, '2025-09-06 12:22:09', 'unknown', NULL, '2025-08-18 00:22:09', '2025-09-06 12:22:09', 0, 1, '1617', NULL),
(440, 'admin', 'ใช้ไป', 100017, '2025-09-06 12:22:09', 'unknown', NULL, '2025-08-18 00:22:09', '2025-09-06 12:22:09', 0, 1, '1221', NULL),
(441, 'admin', 'ใช้ไป', 100020, '2025-09-06 12:22:09', 'unknown', NULL, '2025-08-18 00:22:09', '2025-09-06 12:22:09', 0, 1, '1617', NULL),
(442, 'admin', 'ใช้ไป', 100068, '2025-09-06 12:22:09', 'unknown', NULL, '2025-08-18 00:22:09', '2025-09-06 12:22:09', 0, 1, '1712', NULL),
(443, 'admin', 'ใช้ไป', 100063, '2025-09-06 12:22:09', 'unknown', NULL, '2025-08-18 00:22:09', '2025-09-06 12:22:09', 0, 1, '1413', NULL),
(444, 'admin', '0', 100040, '2025-09-06 07:22:28', 'unknown', NULL, '2025-09-06 05:22:28', '2025-09-06 12:22:28', 0, 1, 'คืน log_id=212', NULL),
(445, 'admin', '0', 100040, '2025-09-06 07:22:30', 'unknown', NULL, '2025-09-06 05:22:30', '2025-09-06 12:22:30', 0, 1, 'คืน log_id=211', NULL),
(446, 'admin', 'ใช้ไป', 100063, '2025-09-06 12:27:00', 'unknown', NULL, '2025-08-19 00:27:00', '2025-09-06 12:27:00', 0, 1, '1616', NULL),
(447, 'admin', 'ใช้ไป', 100105, '2025-09-06 12:27:00', 'unknown', NULL, '2025-08-19 00:27:00', '2025-09-06 12:27:00', 0, 1, '1616', NULL),
(448, 'admin', 'ใช้ไป', 100105, '2025-09-06 12:27:00', 'unknown', NULL, '2025-08-19 00:27:00', '2025-09-06 12:27:00', 0, 1, '1514', NULL),
(449, 'admin', 'ใช้ไป', 100062, '2025-09-06 12:27:00', 'unknown', NULL, '2025-08-20 00:27:00', '2025-09-06 12:27:00', 0, 1, '1712', NULL),
(450, 'admin', 'ใช้ไป', 100089, '2025-09-06 12:30:16', 'unknown', NULL, '2025-08-20 00:30:16', '2025-09-06 12:30:16', 0, 1, '1721', NULL),
(451, 'admin', 'ใช้ไป', 100063, '2025-09-06 12:30:16', 'unknown', NULL, '2025-08-20 00:30:16', '2025-09-06 12:30:16', 0, 1, '1515', NULL),
(452, 'admin', 'ใช้ไป', 100071, '2025-09-06 12:30:16', 'unknown', NULL, '2025-08-22 00:30:16', '2025-09-06 12:30:16', 0, 1, '1306', NULL),
(453, 'admin', 'ใช้ไป', 100053, '2025-09-06 12:33:06', 'unknown', NULL, '2025-08-23 00:33:06', '2025-09-06 12:33:06', 0, 1, '1713', NULL),
(454, 'admin', 'ใช้ไป', 100018, '2025-09-06 12:33:06', 'unknown', NULL, '2025-08-23 00:33:06', '2025-09-06 12:33:06', 0, 1, '1713', NULL),
(455, 'admin', 'ใช้ไป', 100028, '2025-09-06 12:33:06', 'unknown', NULL, '2025-08-23 00:33:06', '2025-09-06 12:33:06', 0, 1, '1713', NULL),
(456, 'admin', 'ใช้ไป', 100048, '2025-09-06 12:33:06', 'unknown', NULL, '2025-08-23 00:33:06', '2025-09-06 12:33:06', 0, 1, 'ห้องน้ำดาดฟ้าผู้ชาย', NULL),
(457, 'admin', 'ใช้ไป', 100089, '2025-09-06 12:40:35', 'unknown', NULL, '2025-08-26 00:40:35', '2025-09-06 12:40:35', 0, 1, 'ส่วนกลางออฟฟิต', NULL),
(458, 'admin', 'ใช้ไป', 100024, '2025-09-06 12:40:35', 'unknown', NULL, '2025-08-26 00:40:35', '2025-09-06 12:40:35', 0, 1, '1817', NULL),
(459, 'admin', 'ใช้ไป', 100053, '2025-09-06 12:40:35', 'unknown', NULL, '2025-08-26 00:40:35', '2025-09-06 12:40:35', 0, 1, '1817', NULL),
(460, 'admin', 'ใช้ไป', 100030, '2025-09-06 12:40:35', 'unknown', NULL, '2025-08-27 00:40:35', '2025-09-06 12:40:35', 0, 1, '1801', NULL),
(461, 'admin', 'ใช้ไป', 100001, '2025-09-06 12:40:35', 'unknown', NULL, '2025-08-27 00:40:35', '2025-09-06 12:40:35', 0, 1, '1801', NULL),
(462, 'admin', 'ใช้ไป', 100020, '2025-09-06 12:44:29', 'unknown', NULL, '2025-08-28 00:44:29', '2025-09-06 12:44:29', 0, 1, '1319', NULL),
(463, 'admin', 'ใช้ไป', 100047, '2025-09-06 12:44:29', 'unknown', NULL, '2025-08-28 00:44:29', '2025-09-06 12:44:29', 0, 1, '1319', NULL),
(464, 'admin', 'ใช้ไป', 100024, '2025-09-06 12:44:29', 'unknown', NULL, '2025-08-28 00:44:29', '2025-09-06 12:44:29', 0, 1, '1319', NULL),
(465, 'admin', 'ใช้ไป', 100053, '2025-09-06 12:44:29', 'unknown', NULL, '2025-08-28 00:44:29', '2025-09-06 12:44:29', 0, 1, '1319', NULL),
(466, 'admin', 'ใช้ไป', 100001, '2025-09-06 12:47:39', 'unknown', NULL, '2025-08-29 00:47:39', '2025-09-06 12:47:39', 0, 1, 'ส่วนกลาง 1620', NULL),
(467, 'admin', 'ใช้ไป', 100001, '2025-09-06 12:47:39', 'unknown', NULL, '2025-08-29 00:47:39', '2025-09-06 12:47:39', 0, 1, 'หน้าลิฟชั้น 6', NULL),
(468, 'admin', 'ใช้ไป', 100001, '2025-09-06 12:47:39', 'unknown', NULL, '2025-08-29 00:47:39', '2025-09-06 12:47:39', 0, 1, 'หน้าห้อง 1519', NULL),
(469, 'admin', 'ใช้ไป', 100001, '2025-09-06 12:47:39', 'unknown', NULL, '2025-08-29 00:47:39', '2025-09-06 12:47:39', 0, 1, 'หน้าลิฟชั้น 5', NULL),
(470, 'admin', 'ใช้ไป', 100018, '2025-09-06 12:48:04', 'unknown', NULL, '2025-08-31 00:48:04', '2025-09-06 12:48:04', 0, 1, '1606', NULL),
(471, 'admin', 'เปิดใช้งานสินค้า (p_id: 100269)', NULL, '2025-09-06 12:49:22', '192.168.1.238', NULL, '2025-09-06 05:49:22', '2025-09-06 12:49:22', 0, 0, NULL, NULL),
(472, 'admin', 'ระงับสินค้าเรียบร้อย: p_id = 100269', NULL, '2025-09-06 12:49:36', '192.168.1.238', NULL, '2025-09-06 05:49:36', '2025-09-06 12:49:36', 0, 0, NULL, NULL),
(473, 'aon', 'ล็อกอินเข้าสู่ระบบ', NULL, '2025-09-07 14:37:23', 'unknown', NULL, '2025-09-07 07:37:23', '2025-09-07 14:37:23', 0, 0, NULL, NULL),
(474, 'aon', 'บันทึกการเคลื่อนไหวสินค้า', NULL, '2025-09-07 14:39:19', 'unknown', 'สินค้า: เครื่องปรับอากาศแคเรียร์ 18000 btu (ID: 100105). ประเภท: รับเข้า, จำนวน: 5, ยอดคงเหลือใหม่: 3', '2025-09-07 07:39:19', '2025-09-07 14:39:19', 0, 0, NULL, NULL),
(475, 'aon', 'บันทึกการเคลื่อนไหวสินค้า', NULL, '2025-09-07 14:41:38', 'unknown', 'สินค้า: ฝักบัว (ID: 100016). ประเภท: รับเข้า, จำนวน: 10, ยอดคงเหลือใหม่: 10', '2025-09-07 07:41:38', '2025-09-07 14:41:38', 0, 0, NULL, NULL),
(476, 'aon', 'บันทึกการเคลื่อนไหวสินค้า', NULL, '2025-09-07 14:41:40', 'unknown', 'สินค้า: ฝักบัว (ID: 100016). ประเภท: รับเข้า, จำนวน: 10, ยอดคงเหลือใหม่: 20', '2025-09-07 07:41:40', '2025-09-07 14:41:40', 0, 0, NULL, NULL),
(477, 'aon', 'บันทึกการเคลื่อนไหวสินค้า', NULL, '2025-09-07 14:42:43', 'unknown', 'สินค้า: ฝักบัว (ID: 100016). ประเภท: ใช้ไป, จำนวน: 10, ยอดคงเหลือใหม่: 10', '2025-09-07 07:42:43', '2025-09-07 14:42:43', 0, 0, NULL, NULL),
(478, 'aon', 'บันทึกการเคลื่อนไหวสินค้า', NULL, '2025-09-07 14:44:48', 'unknown', 'สินค้า: ฝาชักโครก (ID: 100068). ประเภท: รับเข้า, จำนวน: 3, ยอดคงเหลือใหม่: 4', '2025-09-07 07:44:48', '2025-09-07 14:44:48', 0, 0, NULL, NULL),
(479, 'aon', 'บันทึกการเคลื่อนไหวสินค้า', NULL, '2025-09-07 14:45:43', 'unknown', 'สินค้า: กระปุกน้ำทิ้งอ่างล้างหน้า (ID: 100021). ประเภท: รับเข้า, จำนวน: 2, ยอดคงเหลือใหม่: 1', '2025-09-07 07:45:43', '2025-09-07 14:45:43', 0, 0, NULL, NULL),
(480, 'aon', 'บันทึกการเคลื่อนไหวสินค้า', NULL, '2025-09-07 14:46:40', 'unknown', 'สินค้า: สะดืออ่างล้างจาน (ID: 100024). ประเภท: รับเข้า, จำนวน: 2, ยอดคงเหลือใหม่: 4', '2025-09-07 07:46:40', '2025-09-07 14:46:40', 0, 0, NULL, NULL),
(481, 'aon', 'บันทึกการเคลื่อนไหวสินค้า', NULL, '2025-09-07 14:47:13', 'unknown', 'สินค้า: สายน้ำดี20นิ้ว (ID: 100047). ประเภท: รับเข้า, จำนวน: 3, ยอดคงเหลือใหม่: 0', '2025-09-07 07:47:13', '2025-09-07 14:47:13', 0, 0, NULL, NULL),
(482, 'aon', 'บันทึกการเคลื่อนไหวสินค้า', NULL, '2025-09-07 14:47:49', 'unknown', 'สินค้า: ก้านชาร์ป 14 นิ้ว (ID: 100087). ประเภท: รับเข้า, จำนวน: 3, ยอดคงเหลือใหม่: 6', '2025-09-07 07:47:49', '2025-09-07 14:47:49', 0, 0, NULL, NULL),
(483, 'aon', 'ล็อกอินเข้าสู่ระบบ', NULL, '2025-09-07 14:55:37', 'unknown', NULL, '2025-09-07 07:55:37', '2025-09-07 14:55:37', 0, 0, NULL, NULL),
(484, 'aon', 'บันทึกการเคลื่อนไหวสินค้า', NULL, '2025-09-07 14:57:11', 'unknown', 'สินค้า: กล้องวงจรปิด (ID: 100069). ประเภท: รับเข้า, จำนวน: 3, ยอดคงเหลือใหม่: 3', '2025-09-07 07:57:11', '2025-09-07 14:57:11', 0, 0, NULL, NULL),
(485, 'aon', 'บันทึกการเคลื่อนไหวสินค้า', NULL, '2025-09-07 14:57:29', 'unknown', 'สินค้า: กล้องวงจรปิด (ID: 100069). ประเภท: ใช้ไป, จำนวน: 1, ยอดคงเหลือใหม่: 2', '2025-09-07 07:57:29', '2025-09-07 14:57:29', 0, 0, NULL, NULL),
(486, 'aon', 'บันทึกการเคลื่อนไหวสินค้า', NULL, '2025-09-07 15:00:47', 'unknown', 'สินค้า: อะแดปเตอร์กล้อง (ID: 100070). ประเภท: รับเข้า, จำนวน: 3, ยอดคงเหลือใหม่: 4', '2025-09-07 08:00:47', '2025-09-07 15:00:47', 0, 0, NULL, NULL),
(487, 'aon', 'บันทึกการเคลื่อนไหวสินค้า', NULL, '2025-09-07 15:01:07', 'unknown', 'สินค้า: อะแดปเตอร์กล้อง (ID: 100070). ประเภท: ใช้ไป, จำนวน: 1, ยอดคงเหลือใหม่: 3', '2025-09-07 08:01:07', '2025-09-07 15:01:07', 0, 0, NULL, NULL),
(488, 'aon', 'ล็อกอินเข้าสู่ระบบ', NULL, '2025-09-07 15:47:33', 'unknown', NULL, '2025-09-07 08:47:33', '2025-09-07 15:47:33', 0, 0, NULL, NULL),
(489, 'aon', 'บันทึกการเคลื่อนไหวสินค้า', NULL, '2025-09-07 15:50:42', 'unknown', 'สินค้า: สายฉีดชำระ (ID: 100017). ประเภท: รับเข้า, จำนวน: 10, ยอดคงเหลือใหม่: 33', '2025-09-07 08:50:42', '2025-09-07 15:50:42', 0, 0, NULL, NULL),
(490, 'aon', 'ล็อกอินเข้าสู่ระบบ', NULL, '2025-09-07 15:58:16', 'unknown', NULL, '2025-09-07 08:58:16', '2025-09-07 15:58:16', 0, 0, NULL, NULL),
(491, 'aon', 'บันทึกการเคลื่อนไหวสินค้า', NULL, '2025-09-07 16:04:06', 'unknown', 'สินค้า: ก็อกอ่างล้างหน้า (ID: 100018). ประเภท: ใช้ไป, จำนวน: 1, ยอดคงเหลือใหม่: 9', '2025-09-07 09:04:06', '2025-09-07 16:04:06', 0, 0, NULL, NULL),
(492, 'aon', 'ล็อกอินเข้าสู่ระบบ', NULL, '2025-09-07 16:04:50', 'unknown', NULL, '2025-09-07 09:04:50', '2025-09-07 16:04:50', 0, 0, NULL, NULL),
(493, 'admin', 'ล็อกอินเข้าสู่ระบบ', NULL, '2025-09-09 17:16:01', 'unknown', NULL, '2025-09-09 10:16:01', '2025-09-09 17:16:01', 0, 0, NULL, NULL),
(494, 'aon', 'ล็อกอินเข้าสู่ระบบ', NULL, '2025-09-17 10:33:35', 'unknown', NULL, '2025-09-17 03:33:35', '2025-09-17 10:33:35', 0, 0, NULL, NULL),
(495, 'aon', 'บันทึกการเคลื่อนไหวสินค้า', NULL, '2025-09-17 10:36:43', 'unknown', 'สินค้า: สายน้ำดี24นิ้ว (ID: 100048). ประเภท: ใช้ไป, จำนวน: 1, ยอดคงเหลือใหม่: 2', '2025-09-17 03:36:43', '2025-09-17 10:36:43', 0, 0, NULL, NULL),
(496, 'aon', 'บันทึกการเคลื่อนไหวสินค้า', NULL, '2025-09-17 10:37:20', 'unknown', 'สินค้า: มินิวาล์วเกลียวนอกเกลียวใน (ID: 100076). ประเภท: ใช้ไป, จำนวน: 1, ยอดคงเหลือใหม่: 6', '2025-09-17 03:37:20', '2025-09-17 10:37:20', 0, 0, NULL, NULL),
(497, 'aon', 'บันทึกการเคลื่อนไหวสินค้า', NULL, '2025-09-17 10:38:11', 'unknown', 'สินค้า: หลอดไฟ LED 11w Phi (ID: 100001). ประเภท: ใช้ไป, จำนวน: 1, ยอดคงเหลือใหม่: 46', '2025-09-17 03:38:11', '2025-09-17 10:38:11', 0, 0, NULL, NULL),
(498, 'aon', 'บันทึกการเคลื่อนไหวสินค้า', NULL, '2025-09-17 10:38:47', 'unknown', 'สินค้า: สายฉีดชำระ (ID: 100017). ประเภท: ใช้ไป, จำนวน: 1, ยอดคงเหลือใหม่: 32', '2025-09-17 03:38:47', '2025-09-17 10:38:47', 0, 0, NULL, NULL),
(499, 'aon', 'บันทึกการเคลื่อนไหวสินค้า', NULL, '2025-09-17 10:40:33', 'unknown', 'สินค้า: กระปุกน้ำทิ้งอ่างล้างหน้า (ID: 100021). ประเภท: ใช้ไป, จำนวน: 1, ยอดคงเหลือใหม่: 0', '2025-09-17 03:40:33', '2025-09-17 10:40:33', 0, 0, NULL, NULL),
(500, 'aon', 'บันทึกการเคลื่อนไหวสินค้า', NULL, '2025-09-17 10:41:23', 'unknown', 'สินค้า: สายน้ำดี20นิ้ว (ID: 100047). ประเภท: ใช้ไป, จำนวน: 1, ยอดคงเหลือใหม่: -1', '2025-09-17 03:41:23', '2025-09-17 10:41:23', 0, 0, NULL, NULL),
(501, 'aon', 'บันทึกการเคลื่อนไหวสินค้า', NULL, '2025-09-17 10:42:01', 'unknown', 'สินค้า: ฝาอุดเกลียวใน (ID: 100030). ประเภท: ใช้ไป, จำนวน: 2, ยอดคงเหลือใหม่: 3', '2025-09-17 03:42:01', '2025-09-17 10:42:01', 0, 0, NULL, NULL),
(502, 'aon', 'บันทึกการเคลื่อนไหวสินค้า', NULL, '2025-09-17 10:42:41', 'unknown', 'สินค้า: ฝาอุดเกลียวนอก (ID: 100031). ประเภท: ใช้ไป, จำนวน: 1, ยอดคงเหลือใหม่: 6', '2025-09-17 03:42:41', '2025-09-17 10:42:41', 0, 0, NULL, NULL),
(503, 'aon', 'บันทึกการเคลื่อนไหวสินค้า', NULL, '2025-09-17 10:43:09', 'unknown', 'สินค้า: ก็อกอ่างล้างหน้า (ID: 100018). ประเภท: ใช้ไป, จำนวน: 1, ยอดคงเหลือใหม่: 8', '2025-09-17 03:43:09', '2025-09-17 10:43:09', 0, 0, NULL, NULL),
(504, 'aon', 'บันทึกการเคลื่อนไหวสินค้า', NULL, '2025-09-17 10:43:40', 'unknown', 'สินค้า: ก้านชาร์ป 14 นิ้ว (ID: 100087). ประเภท: ใช้ไป, จำนวน: 1, ยอดคงเหลือใหม่: 5', '2025-09-17 03:43:40', '2025-09-17 10:43:40', 0, 0, NULL, NULL),
(505, 'aon', 'บันทึกการเคลื่อนไหวสินค้า', NULL, '2025-09-17 10:44:11', 'unknown', 'สินค้า: คีย์การ์ดใหม่ (ID: 100063). ประเภท: ใช้ไป, จำนวน: 1, ยอดคงเหลือใหม่: 41', '2025-09-17 03:44:11', '2025-09-17 10:44:11', 0, 0, NULL, NULL),
(506, 'aon', 'ล็อกอินเข้าสู่ระบบ', NULL, '2025-09-17 11:01:36', 'unknown', NULL, '2025-09-17 04:01:36', '2025-09-17 11:01:36', 0, 0, NULL, NULL),
(507, 'aon', 'บันทึกการเคลื่อนไหวสินค้า', NULL, '2025-09-17 11:02:38', 'unknown', 'สินค้า: มิเตอร์ไฟ (ID: 100071). ประเภท: ใช้ไป, จำนวน: 1, ยอดคงเหลือใหม่: 0', '2025-09-17 04:02:38', '2025-09-17 11:02:38', 0, 0, NULL, NULL),
(508, 'aon', 'บันทึกการเคลื่อนไหวสินค้า', NULL, '2025-09-17 11:03:29', 'unknown', 'สินค้า: มิเตอร์ไฟ (ID: 100071). ประเภท: รับเข้า, จำนวน: 5, ยอดคงเหลือใหม่: 5', '2025-09-17 04:03:29', '2025-09-17 11:03:29', 0, 0, NULL, NULL),
(509, 'aon', 'บันทึกการเคลื่อนไหวสินค้า', NULL, '2025-09-17 11:03:45', 'unknown', 'สินค้า: มิเตอร์ไฟ (ID: 100071). ประเภท: ใช้ไป, จำนวน: 1, ยอดคงเหลือใหม่: 4', '2025-09-17 04:03:45', '2025-09-17 11:03:45', 0, 0, NULL, NULL),
(510, 'aon', 'ให้ยืมสินค้า (รับคืนแล้ว)', 100071, '2025-09-17 06:05:01', 'unknown', NULL, '2025-09-17 04:05:01', '2025-09-17 11:05:01', 0, 1, 'มายเพลส-ทู', NULL),
(511, 'aon', 'บันทึกการเคลื่อนไหวสินค้า', NULL, '2025-09-17 11:07:04', 'unknown', 'สินค้า: ก็อกโค้ง (ID: 100020). ประเภท: รับเข้า, จำนวน: 3, ยอดคงเหลือใหม่: 6', '2025-09-17 04:07:04', '2025-09-17 11:07:04', 0, 0, NULL, NULL),
(512, 'aon', 'บันทึกการเคลื่อนไหวสินค้า', NULL, '2025-09-17 11:07:45', 'unknown', 'สินค้า: สะดืออ่างล้างจาน (ID: 100024). ประเภท: รับเข้า, จำนวน: 3, ยอดคงเหลือใหม่: 7', '2025-09-17 04:07:45', '2025-09-17 11:07:45', 0, 0, NULL, NULL),
(513, 'aon', 'บันทึกการเคลื่อนไหวสินค้า', NULL, '2025-09-17 11:08:26', 'unknown', 'สินค้า: กระปุกน้ำทิ้งอ่างล้างหน้า (ID: 100021). ประเภท: รับเข้า, จำนวน: 3, ยอดคงเหลือใหม่: 3', '2025-09-17 04:08:26', '2025-09-17 11:08:26', 0, 0, NULL, NULL),
(514, 'aon', 'บันทึกการเคลื่อนไหวสินค้า', NULL, '2025-09-17 11:08:59', 'unknown', 'สินค้า: สายน้ำดี20นิ้ว (ID: 100047). ประเภท: รับเข้า, จำนวน: 5, ยอดคงเหลือใหม่: 4', '2025-09-17 04:08:59', '2025-09-17 11:08:59', 0, 0, NULL, NULL),
(515, 'aon', 'บันทึกการเคลื่อนไหวสินค้า', NULL, '2025-09-17 11:09:48', 'unknown', 'สินค้า: สายน้ำดี24นิ้ว (ID: 100048). ประเภท: รับเข้า, จำนวน: 3, ยอดคงเหลือใหม่: 5', '2025-09-17 04:09:48', '2025-09-17 11:09:48', 0, 0, NULL, NULL),
(516, 'aon', 'บันทึกการเคลื่อนไหวสินค้า', NULL, '2025-09-17 11:10:25', 'unknown', 'สินค้า: สายน้ำดี18นิ้ว (ID: 100046). ประเภท: รับเข้า, จำนวน: 3, ยอดคงเหลือใหม่: 9', '2025-09-17 04:10:25', '2025-09-17 11:10:25', 0, 0, NULL, NULL),
(517, 'aon', 'บันทึกการเคลื่อนไหวสินค้า', NULL, '2025-09-17 11:10:56', 'unknown', 'สินค้า: ท่อย่นใหญ่ (ID: 100053). ประเภท: รับเข้า, จำนวน: 5, ยอดคงเหลือใหม่: 18', '2025-09-17 04:10:56', '2025-09-17 11:10:56', 0, 0, NULL, NULL),
(518, 'aon', 'บันทึกการเคลื่อนไหวสินค้า', NULL, '2025-09-17 11:11:31', 'unknown', 'สินค้า: ฝาอุดเกลียวใน (ID: 100030). ประเภท: รับเข้า, จำนวน: 5, ยอดคงเหลือใหม่: 8', '2025-09-17 04:11:31', '2025-09-17 11:11:31', 0, 0, NULL, NULL),
(519, 'aon', 'บันทึกการเคลื่อนไหวสินค้า', NULL, '2025-09-17 11:12:01', 'unknown', 'สินค้า: ฝาอุดเกลียวนอก (ID: 100031). ประเภท: รับเข้า, จำนวน: 5, ยอดคงเหลือใหม่: 11', '2025-09-17 04:12:01', '2025-09-17 11:12:01', 0, 0, NULL, NULL),
(520, 'aon', 'บันทึกการเคลื่อนไหวสินค้า', NULL, '2025-09-17 11:12:58', 'unknown', 'สินค้า: เทปพันสายไฟ (ID: 100078). ประเภท: ใช้ไป, จำนวน: 7, ยอดคงเหลือใหม่: 2', '2025-09-17 04:12:58', '2025-09-17 11:12:58', 0, 0, NULL, NULL),
(521, 'aon', 'บันทึกการเคลื่อนไหวสินค้า', NULL, '2025-09-17 11:13:11', 'unknown', 'สินค้า: เทปพันสายไฟ (ID: 100078). ประเภท: รับเข้า, จำนวน: 2, ยอดคงเหลือใหม่: 4', '2025-09-17 04:13:11', '2025-09-17 11:13:11', 0, 0, NULL, NULL),
(522, 'aon', 'ล็อกอินเข้าสู่ระบบ', NULL, '2025-09-17 11:39:06', 'unknown', NULL, '2025-09-17 04:39:06', '2025-09-17 11:39:06', 0, 0, NULL, NULL),
(523, 'aon', 'บันทึกการเคลื่อนไหวสินค้า', NULL, '2025-09-17 11:39:38', 'unknown', 'สินค้า: หลอดไฟ 32 w (ID: 100005). ประเภท: ใช้ไป, จำนวน: 2, ยอดคงเหลือใหม่: 23', '2025-09-17 04:39:38', '2025-09-17 11:39:38', 0, 0, NULL, NULL),
(524, 'aon', 'บันทึกการเคลื่อนไหวสินค้า', NULL, '2025-09-17 11:41:13', 'unknown', 'สินค้า: หลอดไฟ LED 11w Phi (ID: 100001). ประเภท: ใช้ไป, จำนวน: 2, ยอดคงเหลือใหม่: 44', '2025-09-17 04:41:13', '2025-09-17 11:41:13', 0, 0, NULL, NULL),
(525, 'aon', 'บันทึกการเคลื่อนไหวสินค้า', NULL, '2025-09-17 11:42:42', 'unknown', 'สินค้า: ขาล็อคสตาร์ทเตอร์ (ID: 100014). ประเภท: ใช้ไป, จำนวน: 2, ยอดคงเหลือใหม่: 14', '2025-09-17 04:42:42', '2025-09-17 11:42:42', 0, 0, NULL, NULL),
(526, 'aon', 'บันทึกการเคลื่อนไหวสินค้า', NULL, '2025-09-17 11:44:28', 'unknown', 'สินค้า: เครื่องทำน้ำอุ่น Torbora Model P-3500 (ID: 100065). ประเภท: ใช้ไป, จำนวน: 1, ยอดคงเหลือใหม่: 0', '2025-09-17 04:44:28', '2025-09-17 11:44:28', 0, 0, NULL, NULL),
(527, 'aon', 'ยืมมา (รับคืนแล้ว)', 100065, '2025-09-17 06:45:16', 'unknown', NULL, '2025-09-17 04:45:16', '2025-09-17 11:45:16', 0, 1, 'ยืม MP3 1721', NULL),
(528, 'aon', 'บันทึกการเคลื่อนไหวสินค้า', NULL, '2025-09-17 11:46:02', 'unknown', 'สินค้า: หลอดไฟ LED 11w Phi (ID: 100001). ประเภท: รับเข้า, จำนวน: 24, ยอดคงเหลือใหม่: 68', '2025-09-17 04:46:02', '2025-09-17 11:46:02', 0, 0, NULL, NULL),
(529, 'aon', 'บันทึกการเคลื่อนไหวสินค้า', NULL, '2025-09-17 11:47:52', 'unknown', 'สินค้า: หลอด LED#170198-20W-6500K Moudle-Round (ID: 100089). ประเภท: รับเข้า, จำนวน: 5, ยอดคงเหลือใหม่: 18', '2025-09-17 04:47:52', '2025-09-17 11:47:52', 0, 0, NULL, NULL),
(530, 'aon', 'บันทึกการเคลื่อนไหวสินค้า', NULL, '2025-09-17 11:48:16', 'unknown', 'สินค้า: สายฉีดชำระ (ID: 100017). ประเภท: ใช้ไป, จำนวน: 1, ยอดคงเหลือใหม่: 31', '2025-09-17 04:48:16', '2025-09-17 11:48:16', 0, 0, NULL, NULL),
(531, 'aon', 'บันทึกการเคลื่อนไหวสินค้า', NULL, '2025-09-17 11:49:32', 'unknown', 'สินค้า: หลอดไฟ LED 11w Phi (ID: 100001). ประเภท: ใช้ไป, จำนวน: 1, ยอดคงเหลือใหม่: 67', '2025-09-17 04:49:32', '2025-09-17 11:49:32', 0, 0, NULL, NULL),
(532, 'aon', 'บันทึกการเคลื่อนไหวสินค้า', NULL, '2025-09-17 11:50:13', 'unknown', 'สินค้า: ฝักบัว (ID: 100016). ประเภท: รับเข้า, จำนวน: 2, ยอดคงเหลือใหม่: 12', '2025-09-17 04:50:13', '2025-09-17 11:50:13', 0, 0, NULL, NULL),
(533, 'aon', 'บันทึกการเคลื่อนไหวสินค้า', NULL, '2025-09-17 11:50:34', 'unknown', 'สินค้า: ฝักบัว (ID: 100016). ประเภท: ใช้ไป, จำนวน: 1, ยอดคงเหลือใหม่: 11', '2025-09-17 04:50:34', '2025-09-17 11:50:34', 0, 0, NULL, NULL),
(534, 'aon', 'บันทึกการเคลื่อนไหวสินค้า', NULL, '2025-09-17 11:50:58', 'unknown', 'สินค้า: ฝักบัว (ID: 100016). ประเภท: ใช้ไป, จำนวน: 1, ยอดคงเหลือใหม่: 10', '2025-09-17 04:50:58', '2025-09-17 11:50:58', 0, 0, NULL, NULL),
(535, 'aon', 'บันทึกการเคลื่อนไหวสินค้า', NULL, '2025-09-17 11:51:31', 'unknown', 'สินค้า: ท่อย่นใหญ่ (ID: 100053). ประเภท: ใช้ไป, จำนวน: 1, ยอดคงเหลือใหม่: 17', '2025-09-17 04:51:31', '2025-09-17 11:51:31', 0, 0, NULL, NULL),
(536, 'aon', 'บันทึกการเคลื่อนไหวสินค้า', NULL, '2025-09-17 11:51:53', 'unknown', 'สินค้า: ท่อย่นเล็ก (ID: 100052). ประเภท: ใช้ไป, จำนวน: 1, ยอดคงเหลือใหม่: 12', '2025-09-17 04:51:53', '2025-09-17 11:51:53', 0, 0, NULL, NULL),
(537, 'aon', 'บันทึกการเคลื่อนไหวสินค้า', NULL, '2025-09-17 11:52:27', 'unknown', 'สินค้า: ฝาอุดเกลียวใน (ID: 100030). ประเภท: ใช้ไป, จำนวน: 1, ยอดคงเหลือใหม่: 7', '2025-09-17 04:52:27', '2025-09-17 11:52:27', 0, 0, NULL, NULL),
(538, 'aon', 'บันทึกการเคลื่อนไหวสินค้า', NULL, '2025-09-17 11:54:18', 'unknown', 'สินค้า: ฝาอุดเกลียวนอก (ID: 100031). ประเภท: ใช้ไป, จำนวน: 1, ยอดคงเหลือใหม่: 10', '2025-09-17 04:54:18', '2025-09-17 11:54:18', 0, 0, NULL, NULL),
(539, 'aon', 'บันทึกการเคลื่อนไหวสินค้า', NULL, '2025-09-17 11:55:04', 'unknown', 'สินค้า: สะดืออ่างล้างจาน (ID: 100024). ประเภท: ใช้ไป, จำนวน: 1, ยอดคงเหลือใหม่: 6', '2025-09-17 04:55:04', '2025-09-17 11:55:04', 0, 0, NULL, NULL),
(540, 'aon', 'บันทึกการเคลื่อนไหวสินค้า', NULL, '2025-09-17 11:55:50', 'unknown', 'สินค้า: หลอดไฟ LED 11w Phi (ID: 100001). ประเภท: ใช้ไป, จำนวน: 5, ยอดคงเหลือใหม่: 62', '2025-09-17 04:55:50', '2025-09-17 11:55:50', 0, 0, NULL, NULL),
(541, 'aon', 'บันทึกการเคลื่อนไหวสินค้า', NULL, '2025-09-17 11:57:18', 'unknown', 'สินค้า: เครื่องทำน้ำอุ่น Torbora Model P-3500 (ID: 100065). ประเภท: ใช้ไป, จำนวน: 1, ยอดคงเหลือใหม่: 0', '2025-09-17 04:57:18', '2025-09-17 11:57:18', 0, 0, NULL, NULL),
(542, 'aon', 'บันทึกการเคลื่อนไหวสินค้า', NULL, '2025-09-17 11:57:57', 'unknown', 'สินค้า: เครื่องทำน้ำอุ่น Torbora Model P-3500 (ID: 100065). ประเภท: ใช้ไป, จำนวน: 1, ยอดคงเหลือใหม่: -1', '2025-09-17 04:57:57', '2025-09-17 11:57:57', 0, 0, NULL, NULL),
(543, 'aon', 'ยืมมา (รับคืนแล้ว)', 100065, '2025-09-17 06:58:53', 'unknown', NULL, '2025-09-17 04:58:53', '2025-09-17 11:58:53', 0, 1, 'ยืมMP7 1421', NULL),
(544, 'aon', 'บันทึกการเคลื่อนไหวสินค้า', NULL, '2025-09-17 11:59:42', 'unknown', 'สินค้า: คีย์การ์ดใหม่ (ID: 100063). ประเภท: ใช้ไป, จำนวน: 1, ยอดคงเหลือใหม่: 40', '2025-09-17 04:59:42', '2025-09-17 11:59:42', 0, 0, NULL, NULL),
(545, 'aon', 'บันทึกการเคลื่อนไหวสินค้า', NULL, '2025-09-17 12:00:16', 'unknown', 'สินค้า: สายฉีดชำระ (ID: 100017). ประเภท: ใช้ไป, จำนวน: 1, ยอดคงเหลือใหม่: 30', '2025-09-17 05:00:16', '2025-09-17 12:00:16', 0, 0, NULL, NULL),
(546, 'aon', 'บันทึกการเคลื่อนไหวสินค้า', NULL, '2025-09-17 12:00:41', 'unknown', 'สินค้า: หลอดไฟ LED 11w Phi (ID: 100001). ประเภท: ใช้ไป, จำนวน: 2, ยอดคงเหลือใหม่: 60', '2025-09-17 05:00:41', '2025-09-17 12:00:41', 0, 0, NULL, NULL),
(547, 'aon', 'ล็อกอินเข้าสู่ระบบ', NULL, '2025-09-23 13:33:14', 'unknown', NULL, '2025-09-23 06:33:14', '2025-09-23 13:33:14', 0, 0, NULL, NULL),
(548, 'aon', 'บันทึกการเคลื่อนไหวสินค้า', NULL, '2025-09-23 13:35:24', 'unknown', 'สินค้า: สายน้ำดี18นิ้ว (ID: 100046). ประเภท: ใช้ไป, จำนวน: 1, ยอดคงเหลือใหม่: 8', '2025-09-23 06:35:24', '2025-09-23 13:35:24', 0, 0, NULL, NULL),
(549, 'aon', 'บันทึกการเคลื่อนไหวสินค้า', NULL, '2025-09-23 13:35:59', 'unknown', 'สินค้า: สายน้ำดี20นิ้ว (ID: 100047). ประเภท: ใช้ไป, จำนวน: 1, ยอดคงเหลือใหม่: 3', '2025-09-23 06:35:59', '2025-09-23 13:35:59', 0, 0, NULL, NULL),
(550, 'aon', 'บันทึกการเคลื่อนไหวสินค้า', NULL, '2025-09-23 13:38:49', 'unknown', 'สินค้า: ฝาอุดเกลียวใน (ID: 100030). ประเภท: ใช้ไป, จำนวน: 1, ยอดคงเหลือใหม่: 6', '2025-09-23 06:38:49', '2025-09-23 13:38:49', 0, 0, NULL, NULL),
(551, 'aon', 'บันทึกการเคลื่อนไหวสินค้า', NULL, '2025-09-23 13:40:15', 'unknown', 'สินค้า: หลอดไฟ LED 11w Phi (ID: 100001). ประเภท: ใช้ไป, จำนวน: 1, ยอดคงเหลือใหม่: 59', '2025-09-23 06:40:15', '2025-09-23 13:40:15', 0, 0, NULL, NULL),
(552, 'aon', 'บันทึกการเคลื่อนไหวสินค้า', NULL, '2025-09-23 13:40:46', 'unknown', 'สินค้า: ก็อกอ่างล้างหน้า (ID: 100018). ประเภท: ใช้ไป, จำนวน: 1, ยอดคงเหลือใหม่: 7', '2025-09-23 06:40:46', '2025-09-23 13:40:46', 0, 0, NULL, NULL),
(553, 'aon', 'บันทึกการเคลื่อนไหวสินค้า', NULL, '2025-09-23 13:41:22', 'unknown', 'สินค้า: หลอดไฟ LED 11w Phi (ID: 100001). ประเภท: ใช้ไป, จำนวน: 1, ยอดคงเหลือใหม่: 58', '2025-09-23 06:41:22', '2025-09-23 13:41:22', 0, 0, NULL, NULL),
(554, 'aon', 'บันทึกการเคลื่อนไหวสินค้า', NULL, '2025-09-23 13:41:56', 'unknown', 'สินค้า: กระปุกน้ำทิ้งอ่างล้างหน้า (ID: 100021). ประเภท: ใช้ไป, จำนวน: 1, ยอดคงเหลือใหม่: 2', '2025-09-23 06:41:56', '2025-09-23 13:41:56', 0, 0, NULL, NULL),
(555, 'aon', 'บันทึกการเคลื่อนไหวสินค้า', NULL, '2025-09-23 13:42:23', 'unknown', 'สินค้า: ก้านชาร์ป 14 นิ้ว (ID: 100087). ประเภท: ใช้ไป, จำนวน: 1, ยอดคงเหลือใหม่: 4', '2025-09-23 06:42:23', '2025-09-23 13:42:23', 0, 0, NULL, NULL),
(556, 'aon', 'บันทึกการเคลื่อนไหวสินค้า', NULL, '2025-09-23 13:43:18', 'unknown', 'สินค้า: ฝาอุดเกลียวใน (ID: 100030). ประเภท: ใช้ไป, จำนวน: 1, ยอดคงเหลือใหม่: 5', '2025-09-23 06:43:18', '2025-09-23 13:43:18', 0, 0, NULL, NULL),
(557, 'aon', 'บันทึกการเคลื่อนไหวสินค้า', NULL, '2025-09-23 13:43:42', 'unknown', 'สินค้า: ฝาอุดเกลียวนอก (ID: 100031). ประเภท: ใช้ไป, จำนวน: 1, ยอดคงเหลือใหม่: 9', '2025-09-23 06:43:42', '2025-09-23 13:43:42', 0, 0, NULL, NULL),
(558, 'aon', 'บันทึกการเคลื่อนไหวสินค้า', NULL, '2025-09-23 13:44:09', 'unknown', 'สินค้า: กระปุกน้ำทิ้งอ่างล้างหน้า (ID: 100021). ประเภท: ใช้ไป, จำนวน: 1, ยอดคงเหลือใหม่: 1', '2025-09-23 06:44:09', '2025-09-23 13:44:09', 0, 0, NULL, NULL),
(559, 'aon', 'บันทึกการเคลื่อนไหวสินค้า', NULL, '2025-09-23 13:44:49', 'unknown', 'สินค้า: สะดืออ่างล้างจาน (ID: 100024). ประเภท: ใช้ไป, จำนวน: 1, ยอดคงเหลือใหม่: 5', '2025-09-23 06:44:49', '2025-09-23 13:44:49', 0, 0, NULL, NULL),
(560, 'aon', 'บันทึกการเคลื่อนไหวสินค้า', NULL, '2025-09-23 13:45:15', 'unknown', 'สินค้า: ท่อย่นใหญ่ (ID: 100053). ประเภท: ใช้ไป, จำนวน: 1, ยอดคงเหลือใหม่: 16', '2025-09-23 06:45:15', '2025-09-23 13:45:15', 0, 0, NULL, NULL),
(561, 'aon', 'บันทึกการเคลื่อนไหวสินค้า', NULL, '2025-09-23 13:45:33', 'unknown', 'สินค้า: หลอดไฟ LED 11w Phi (ID: 100001). ประเภท: ใช้ไป, จำนวน: 1, ยอดคงเหลือใหม่: 57', '2025-09-23 06:45:33', '2025-09-23 13:45:33', 0, 0, NULL, NULL),
(562, 'aon', 'บันทึกการเคลื่อนไหวสินค้า', NULL, '2025-09-23 13:46:07', 'unknown', 'สินค้า: มิเตอร์ไฟ (ID: 100071). ประเภท: ใช้ไป, จำนวน: 3, ยอดคงเหลือใหม่: 0', '2025-09-23 06:46:07', '2025-09-23 13:46:07', 0, 0, NULL, NULL),
(563, 'aon', 'บันทึกการเคลื่อนไหวสินค้า', NULL, '2025-09-23 13:46:31', 'unknown', 'สินค้า: หลอดไฟ LED 11w Phi (ID: 100001). ประเภท: ใช้ไป, จำนวน: 1, ยอดคงเหลือใหม่: 56', '2025-09-23 06:46:31', '2025-09-23 13:46:31', 0, 0, NULL, NULL),
(564, 'aon', 'บันทึกการเคลื่อนไหวสินค้า', NULL, '2025-09-23 13:47:48', 'unknown', 'สินค้า: ฝาชักโครก (ID: 100068). ประเภท: ใช้ไป, จำนวน: 3, ยอดคงเหลือใหม่: 1', '2025-09-23 06:47:48', '2025-09-23 13:47:48', 0, 0, NULL, NULL),
(565, 'aon', 'บันทึกการเคลื่อนไหวสินค้า', NULL, '2025-09-23 13:48:46', 'unknown', 'สินค้า: สายฉีดชำระ (ID: 100017). ประเภท: ใช้ไป, จำนวน: 2, ยอดคงเหลือใหม่: 28', '2025-09-23 06:48:46', '2025-09-23 13:48:46', 0, 0, NULL, NULL),
(566, 'aon', 'บันทึกการเคลื่อนไหวสินค้า', NULL, '2025-09-23 13:50:43', 'unknown', 'สินค้า: สายฉีดชำระ (ID: 100017). ประเภท: ใช้ไป, จำนวน: 4, ยอดคงเหลือใหม่: 24', '2025-09-23 06:50:43', '2025-09-23 13:50:43', 0, 0, NULL, NULL),
(567, 'admin', 'ล็อกอินเข้าสู่ระบบ', NULL, '2025-09-30 15:11:45', 'unknown', NULL, '2025-09-30 08:11:45', '2025-09-30 15:11:45', 0, 0, NULL, NULL),
(568, 'admin', 'เพิ่มสินค้า: ราง LED T8#LED-T8-120CM (ID: 100270)', NULL, '2025-09-30 15:15:32', '127.0.0.1', NULL, '2025-09-30 08:15:32', '2025-09-30 15:15:32', 0, 0, NULL, NULL),
(569, 'admin', 'เพิ่มสินค้า: LED T8 HL-12-2005-18W 6500K (HIET) (ID: 100271)', NULL, '2025-09-30 15:18:52', '127.0.0.1', NULL, '2025-09-30 08:18:52', '2025-09-30 15:18:52', 0, 0, NULL, NULL),
(570, 'aon', 'ล็อกอินเข้าสู่ระบบ', NULL, '2025-09-30 15:20:57', 'unknown', NULL, '2025-09-30 08:20:57', '2025-09-30 15:20:57', 0, 0, NULL, NULL),
(571, 'aon', 'บันทึกการเคลื่อนไหวสินค้า', NULL, '2025-09-30 15:21:42', 'unknown', 'สินค้า: คีย์การ์ดใหม่ (ID: 100063). ประเภท: ใช้ไป, จำนวน: 1, ยอดคงเหลือใหม่: 39', '2025-09-30 08:21:42', '2025-09-30 15:21:42', 0, 0, NULL, NULL),
(572, 'aon', 'บันทึกการเคลื่อนไหวสินค้า', NULL, '2025-09-30 15:22:15', 'unknown', 'สินค้า: สายฉีดชำระ (ID: 100017). ประเภท: ใช้ไป, จำนวน: 1, ยอดคงเหลือใหม่: 23', '2025-09-30 08:22:15', '2025-09-30 15:22:15', 0, 0, NULL, NULL),
(573, 'aon', 'บันทึกการเคลื่อนไหวสินค้า', NULL, '2025-09-30 15:23:01', 'unknown', 'สินค้า: สะดืออ่างล้างจาน (ID: 100024). ประเภท: ใช้ไป, จำนวน: 1, ยอดคงเหลือใหม่: 4', '2025-09-30 08:23:01', '2025-09-30 15:23:01', 0, 0, NULL, NULL),
(574, 'aon', 'บันทึกการเคลื่อนไหวสินค้า', NULL, '2025-09-30 15:23:28', 'unknown', 'สินค้า: สายน้ำดี20นิ้ว (ID: 100047). ประเภท: ใช้ไป, จำนวน: 1, ยอดคงเหลือใหม่: 2', '2025-09-30 08:23:28', '2025-09-30 15:23:28', 0, 0, NULL, NULL),
(575, 'aon', 'บันทึกการเคลื่อนไหวสินค้า', NULL, '2025-09-30 15:23:53', 'unknown', 'สินค้า: ก็อกโค้ง (ID: 100020). ประเภท: ใช้ไป, จำนวน: 1, ยอดคงเหลือใหม่: 5', '2025-09-30 08:23:53', '2025-09-30 15:23:53', 0, 0, NULL, NULL),
(576, 'aon', 'บันทึกการเคลื่อนไหวสินค้า', NULL, '2025-09-30 15:24:18', 'unknown', 'สินค้า: สายฉีดชำระ (ID: 100017). ประเภท: ใช้ไป, จำนวน: 1, ยอดคงเหลือใหม่: 22', '2025-09-30 08:24:18', '2025-09-30 15:24:18', 0, 0, NULL, NULL),
(577, 'aon', 'บันทึกการเคลื่อนไหวสินค้า', NULL, '2025-09-30 15:24:40', 'unknown', 'สินค้า: ท่อย่นใหญ่ (ID: 100053). ประเภท: ใช้ไป, จำนวน: 1, ยอดคงเหลือใหม่: 15', '2025-09-30 08:24:40', '2025-09-30 15:24:40', 0, 0, NULL, NULL),
(578, 'aon', 'บันทึกการเคลื่อนไหวสินค้า', NULL, '2025-09-30 15:25:52', 'unknown', 'สินค้า: เครื่องปรับอากาศแคเรียร์ 18000 btu (ID: 100105). ประเภท: ใช้ไป, จำนวน: 1, ยอดคงเหลือใหม่: 2', '2025-09-30 08:25:52', '2025-09-30 15:25:52', 0, 0, NULL, NULL),
(579, 'aon', 'บันทึกการเคลื่อนไหวสินค้า', NULL, '2025-09-30 15:26:28', 'unknown', 'สินค้า: หลอดไฟ LED 11w Phi (ID: 100001). ประเภท: ใช้ไป, จำนวน: 1, ยอดคงเหลือใหม่: 55', '2025-09-30 08:26:28', '2025-09-30 15:26:28', 0, 0, NULL, NULL),
(580, 'aon', 'ล็อกอินเข้าสู่ระบบ', NULL, '2025-09-30 16:53:39', 'unknown', NULL, '2025-09-30 09:53:39', '2025-09-30 16:53:39', 0, 0, NULL, NULL),
(581, 'aon', 'บันทึกการเคลื่อนไหวสินค้า', NULL, '2025-09-30 16:55:40', 'unknown', 'สินค้า: สตาร์ทเตอร์ (ID: 100008). ประเภท: รับเข้า, จำนวน: 18, ยอดคงเหลือใหม่: 38', '2025-09-30 09:55:40', '2025-09-30 16:55:40', 0, 0, NULL, NULL),
(582, 'aon', 'บันทึกการเคลื่อนไหวสินค้า', NULL, '2025-09-30 16:57:31', 'unknown', 'สินค้า: ขาล็อคสตาร์ทเตอร์ (ID: 100014). ประเภท: รับเข้า, จำนวน: 9, ยอดคงเหลือใหม่: 23', '2025-09-30 09:57:31', '2025-09-30 16:57:31', 0, 0, NULL, NULL),
(583, 'aon', 'บันทึกการเคลื่อนไหวสินค้า', NULL, '2025-09-30 16:58:50', 'unknown', 'สินค้า: อะไหล่สี่สาย (ID: 100013). ประเภท: รับเข้า, จำนวน: 12, ยอดคงเหลือใหม่: 23', '2025-09-30 09:58:50', '2025-09-30 16:58:50', 0, 0, NULL, NULL),
(584, 'aon', 'บันทึกการเคลื่อนไหวสินค้า', NULL, '2025-09-30 17:00:41', 'unknown', 'สินค้า: ขาล็อคหลอดไฟ (ID: 100015). ประเภท: รับเข้า, จำนวน: 6, ยอดคงเหลือใหม่: 37', '2025-09-30 10:00:41', '2025-09-30 17:00:41', 0, 0, NULL, NULL),
(585, 'aon', 'ล็อกอินเข้าสู่ระบบ', NULL, '2025-09-30 17:01:19', 'unknown', NULL, '2025-09-30 10:01:19', '2025-09-30 17:01:19', 0, 0, NULL, NULL),
(586, 'aon', 'บันทึกการเคลื่อนไหวสินค้า', NULL, '2025-09-30 17:06:16', 'unknown', 'สินค้า: อะไหล่ขาล็อคโคมเพดาน หน้าห้องน้ำ (ID: 100012). ประเภท: รับเข้า, จำนวน: 15, ยอดคงเหลือใหม่: 15', '2025-09-30 10:06:16', '2025-09-30 17:06:16', 0, 0, NULL, NULL),
(587, 'aon', 'ล็อกอินเข้าสู่ระบบ', NULL, '2025-10-03 10:10:23', 'unknown', NULL, '2025-10-03 03:10:23', '2025-10-03 10:10:23', 0, 0, NULL, NULL),
(588, 'aon', 'ล็อกอินเข้าสู่ระบบ', NULL, '2025-10-30 14:37:14', 'unknown', NULL, '2025-10-30 07:37:14', '2025-10-30 14:37:14', 0, 0, NULL, NULL),
(589, 'aon', 'บันทึกการเคลื่อนไหวสินค้า', NULL, '2025-10-30 14:37:35', 'unknown', 'สินค้า: หลอดไฟ LED 11w Phi (ID: 100001). ประเภท: ใช้ไป, จำนวน: 1, ยอดคงเหลือใหม่: 54', '2025-10-30 07:37:35', '2025-10-30 14:37:35', 0, 0, NULL, NULL),
(590, 'aon', 'บันทึกการเคลื่อนไหวสินค้า', NULL, '2025-10-30 14:37:56', 'unknown', 'สินค้า: หลอดไฟ LED 11w Phi (ID: 100001). ประเภท: ใช้ไป, จำนวน: 2, ยอดคงเหลือใหม่: 52', '2025-10-30 07:37:56', '2025-10-30 14:37:56', 0, 0, NULL, NULL),
(591, 'aon', 'บันทึกการเคลื่อนไหวสินค้า', NULL, '2025-10-30 14:38:49', 'unknown', 'สินค้า: หลอดไฟ LED 11w Phi (ID: 100001). ประเภท: ใช้ไป, จำนวน: 1, ยอดคงเหลือใหม่: 51', '2025-10-30 07:38:49', '2025-10-30 14:38:49', 0, 0, NULL, NULL),
(592, 'aon', 'บันทึกการเคลื่อนไหวสินค้า', NULL, '2025-10-30 14:39:21', 'unknown', 'สินค้า: หลอดไฟ LED 11w Phi (ID: 100001). ประเภท: ใช้ไป, จำนวน: 1, ยอดคงเหลือใหม่: 50', '2025-10-30 07:39:21', '2025-10-30 14:39:21', 0, 0, NULL, NULL),
(593, 'aon', 'บันทึกการเคลื่อนไหวสินค้า', NULL, '2025-10-30 14:39:55', 'unknown', 'สินค้า: หลอดไฟ LED 11w Phi (ID: 100001). ประเภท: ใช้ไป, จำนวน: 1, ยอดคงเหลือใหม่: 49', '2025-10-30 07:39:55', '2025-10-30 14:39:55', 0, 0, NULL, NULL),
(594, 'aon', 'บันทึกการเคลื่อนไหวสินค้า', NULL, '2025-10-30 14:40:21', 'unknown', 'สินค้า: หลอดไฟ LED 11w Phi (ID: 100001). ประเภท: ใช้ไป, จำนวน: 1, ยอดคงเหลือใหม่: 48', '2025-10-30 07:40:21', '2025-10-30 14:40:21', 0, 0, NULL, NULL),
(595, 'aon', 'บันทึกการเคลื่อนไหวสินค้า', NULL, '2025-10-30 14:40:52', 'unknown', 'สินค้า: หลอดไฟ LED 11w Phi (ID: 100001). ประเภท: ใช้ไป, จำนวน: 1, ยอดคงเหลือใหม่: 47', '2025-10-30 07:40:52', '2025-10-30 14:40:52', 0, 0, NULL, NULL),
(596, 'aon', 'บันทึกการเคลื่อนไหวสินค้า', NULL, '2025-10-30 14:42:24', 'unknown', 'สินค้า: หลอด LED#170198-20W-6500K Moudle-Round (ID: 100089). ประเภท: ใช้ไป, จำนวน: 1, ยอดคงเหลือใหม่: 17', '2025-10-30 07:42:24', '2025-10-30 14:42:24', 0, 0, NULL, NULL),
(597, 'aon', 'บันทึกการเคลื่อนไหวสินค้า', NULL, '2025-10-30 14:48:07', 'unknown', 'สินค้า: สายน้ำดี18นิ้ว (ID: 100046). ประเภท: ใช้ไป, จำนวน: 1, ยอดคงเหลือใหม่: 7', '2025-10-30 07:48:07', '2025-10-30 14:48:07', 0, 0, NULL, NULL),
(598, 'aon', 'บันทึกการเคลื่อนไหวสินค้า', NULL, '2025-10-30 14:48:32', 'unknown', 'สินค้า: ลูกลอยชักโครก (ID: 100026). ประเภท: ใช้ไป, จำนวน: 1, ยอดคงเหลือใหม่: 1', '2025-10-30 07:48:32', '2025-10-30 14:48:32', 0, 0, NULL, NULL),
(599, 'aon', 'บันทึกการเคลื่อนไหวสินค้า', NULL, '2025-10-30 14:49:04', 'unknown', 'สินค้า: หลอดนีออนยาว 36 w (ID: 100006). ประเภท: ใช้ไป, จำนวน: 1, ยอดคงเหลือใหม่: 1', '2025-10-30 07:49:04', '2025-10-30 14:49:04', 0, 0, NULL, NULL),
(600, 'aon', 'บันทึกการเคลื่อนไหวสินค้า', NULL, '2025-10-30 14:49:36', 'unknown', 'สินค้า: ก็อกอ่างล้างหน้า (ID: 100018). ประเภท: ใช้ไป, จำนวน: 1, ยอดคงเหลือใหม่: 6', '2025-10-30 07:49:36', '2025-10-30 14:49:36', 0, 0, NULL, NULL),
(601, 'aon', 'บันทึกการเคลื่อนไหวสินค้า', NULL, '2025-10-30 14:50:10', 'unknown', 'สินค้า: เครื่องปรับอากาศแคเรียร์ 18000 btu (ID: 100105). ประเภท: ใช้ไป, จำนวน: 1, ยอดคงเหลือใหม่: 1', '2025-10-30 07:50:10', '2025-10-30 14:50:10', 0, 0, NULL, NULL),
(602, 'aon', 'บันทึกการเคลื่อนไหวสินค้า', NULL, '2025-10-30 14:53:16', 'unknown', 'สินค้า: ท่อย่นเล็ก (ID: 100052). ประเภท: ใช้ไป, จำนวน: 1, ยอดคงเหลือใหม่: 11', '2025-10-30 07:53:16', '2025-10-30 14:53:16', 0, 0, NULL, NULL),
(603, 'aon', 'บันทึกการเคลื่อนไหวสินค้า', NULL, '2025-10-30 14:54:22', 'unknown', 'สินค้า: มินิวาล์วเกลียวนอกเกลียวใน (ID: 100076). ประเภท: ใช้ไป, จำนวน: 1, ยอดคงเหลือใหม่: 5', '2025-10-30 07:54:22', '2025-10-30 14:54:22', 0, 0, NULL, NULL),
(604, 'aon', 'บันทึกการเคลื่อนไหวสินค้า', NULL, '2025-10-30 14:54:57', 'unknown', 'สินค้า: ก็อกอ่างล้างหน้า (ID: 100018). ประเภท: ใช้ไป, จำนวน: 1, ยอดคงเหลือใหม่: 5', '2025-10-30 07:54:57', '2025-10-30 14:54:57', 0, 0, NULL, NULL),
(605, 'aon', 'บันทึกการเคลื่อนไหวสินค้า', NULL, '2025-10-30 14:56:39', 'unknown', 'สินค้า: สายน้ำดี18นิ้ว (ID: 100046). ประเภท: ใช้ไป, จำนวน: 1, ยอดคงเหลือใหม่: 6', '2025-10-30 07:56:39', '2025-10-30 14:56:39', 0, 0, NULL, NULL),
(606, 'aon', 'บันทึกการเคลื่อนไหวสินค้า', NULL, '2025-10-30 14:57:16', 'unknown', 'สินค้า: เทปพันเกลียว (ID: 100077). ประเภท: ใช้ไป, จำนวน: 1, ยอดคงเหลือใหม่: 6', '2025-10-30 07:57:16', '2025-10-30 14:57:16', 0, 0, NULL, NULL),
(607, 'aon', 'บันทึกการเคลื่อนไหวสินค้า', NULL, '2025-10-30 14:58:00', 'unknown', 'สินค้า: คีย์การ์ดใหม่ (ID: 100063). ประเภท: ใช้ไป, จำนวน: 1, ยอดคงเหลือใหม่: 38', '2025-10-30 07:58:00', '2025-10-30 14:58:00', 0, 0, NULL, NULL),
(608, 'aon', 'บันทึกการเคลื่อนไหวสินค้า', NULL, '2025-10-30 14:58:28', 'unknown', 'สินค้า: สายน้ำดี20นิ้ว (ID: 100047). ประเภท: ใช้ไป, จำนวน: 1, ยอดคงเหลือใหม่: 1', '2025-10-30 07:58:28', '2025-10-30 14:58:28', 0, 0, NULL, NULL),
(609, 'aon', 'บันทึกการเคลื่อนไหวสินค้า', NULL, '2025-10-30 14:58:54', 'unknown', 'สินค้า: ก็อกอ่างล้างหน้า (ID: 100018). ประเภท: ใช้ไป, จำนวน: 1, ยอดคงเหลือใหม่: 4', '2025-10-30 07:58:54', '2025-10-30 14:58:54', 0, 0, NULL, NULL),
(610, 'aon', 'บันทึกการเคลื่อนไหวสินค้า', NULL, '2025-10-30 14:59:21', 'unknown', 'สินค้า: สายน้ำดี32นิ้ว (ID: 100050). ประเภท: ใช้ไป, จำนวน: 1, ยอดคงเหลือใหม่: 2', '2025-10-30 07:59:21', '2025-10-30 14:59:21', 0, 0, NULL, NULL),
(611, 'aon', 'บันทึกการเคลื่อนไหวสินค้า', NULL, '2025-10-30 14:59:47', 'unknown', 'สินค้า: อะไหล่ขาล็อคโคมเพดาน หน้าห้องน้ำ (ID: 100012). ประเภท: ใช้ไป, จำนวน: 2, ยอดคงเหลือใหม่: 13', '2025-10-30 07:59:47', '2025-10-30 14:59:47', 0, 0, NULL, NULL),
(612, 'aon', 'บันทึกการเคลื่อนไหวสินค้า', NULL, '2025-10-30 15:00:18', 'unknown', 'สินค้า: ฝาชักโครก (ID: 100068). ประเภท: ใช้ไป, จำนวน: 1, ยอดคงเหลือใหม่: 0', '2025-10-30 08:00:18', '2025-10-30 15:00:18', 0, 0, NULL, NULL),
(613, 'aon', 'บันทึกการเคลื่อนไหวสินค้า', NULL, '2025-10-30 15:00:44', 'unknown', 'สินค้า: ฝาชักโครก (ID: 100068). ประเภท: รับเข้า, จำนวน: 3, ยอดคงเหลือใหม่: 3', '2025-10-30 08:00:44', '2025-10-30 15:00:44', 0, 0, NULL, NULL),
(614, 'aon', 'บันทึกการเคลื่อนไหวสินค้า', NULL, '2025-10-30 15:01:15', 'unknown', 'สินค้า: มินิวาล์ว เกลียวนอก 2 ด้าน (ID: 100033). ประเภท: ใช้ไป, จำนวน: 1, ยอดคงเหลือใหม่: 4', '2025-10-30 08:01:15', '2025-10-30 15:01:15', 0, 0, NULL, NULL),
(615, 'aon', 'บันทึกการเคลื่อนไหวสินค้า', NULL, '2025-10-30 15:01:46', 'unknown', 'สินค้า: นิปเปิ้ล 4 หุน เกลียวนอกเกลียวใน (ID: 100032). ประเภท: ใช้ไป, จำนวน: 1, ยอดคงเหลือใหม่: 5', '2025-10-30 08:01:46', '2025-10-30 15:01:46', 0, 0, NULL, NULL),
(616, 'aon', 'บันทึกการเคลื่อนไหวสินค้า', NULL, '2025-10-30 15:02:14', 'unknown', 'สินค้า: สายน้ำดี18นิ้ว (ID: 100046). ประเภท: ใช้ไป, จำนวน: 1, ยอดคงเหลือใหม่: 5', '2025-10-30 08:02:14', '2025-10-30 15:02:14', 0, 0, NULL, NULL),
(617, 'aon', 'บันทึกการเคลื่อนไหวสินค้า', NULL, '2025-10-30 15:02:50', 'unknown', 'สินค้า: หลอดไฟ 32 w (ID: 100005). ประเภท: ใช้ไป, จำนวน: 1, ยอดคงเหลือใหม่: 22', '2025-10-30 08:02:50', '2025-10-30 15:02:50', 0, 0, NULL, NULL),
(618, 'aon', 'บันทึกการเคลื่อนไหวสินค้า', NULL, '2025-10-30 15:03:20', 'unknown', 'สินค้า: หลอด LED#170198-20W-6500K Moudle-Round (ID: 100089). ประเภท: ใช้ไป, จำนวน: 1, ยอดคงเหลือใหม่: 16', '2025-10-30 08:03:20', '2025-10-30 15:03:20', 0, 0, NULL, NULL),
(619, 'aon', 'บันทึกการเคลื่อนไหวสินค้า', NULL, '2025-10-30 15:03:49', 'unknown', 'สินค้า: ขาล็อคสตาร์ทเตอร์ (ID: 100014). ประเภท: ใช้ไป, จำนวน: 1, ยอดคงเหลือใหม่: 22', '2025-10-30 08:03:49', '2025-10-30 15:03:49', 0, 0, NULL, NULL),
(620, 'aon', 'บันทึกการเคลื่อนไหวสินค้า', NULL, '2025-10-30 15:04:24', 'unknown', 'สินค้า: หลอดไฟ LED 11w Phi (ID: 100001). ประเภท: ใช้ไป, จำนวน: 1, ยอดคงเหลือใหม่: 46', '2025-10-30 08:04:24', '2025-10-30 15:04:24', 0, 0, NULL, NULL),
(621, 'aon', 'บันทึกการเคลื่อนไหวสินค้า', NULL, '2025-10-30 15:05:05', 'unknown', 'สินค้า: คีย์การ์ดใหม่ (ID: 100063). ประเภท: ใช้ไป, จำนวน: 1, ยอดคงเหลือใหม่: 37', '2025-10-30 08:05:05', '2025-10-30 15:05:05', 0, 0, NULL, NULL),
(622, 'aon', 'บันทึกการเคลื่อนไหวสินค้า', NULL, '2025-10-30 15:05:32', 'unknown', 'สินค้า: ฟลอเดน (ID: 100029). ประเภท: ใช้ไป, จำนวน: 2, ยอดคงเหลือใหม่: 7', '2025-10-30 08:05:32', '2025-10-30 15:05:32', 0, 0, NULL, NULL),
(623, 'aon', 'ล็อกอินเข้าสู่ระบบ', NULL, '2025-11-05 15:48:59', 'unknown', NULL, '2025-11-05 08:48:59', '2025-11-05 15:48:59', 0, 0, NULL, NULL),
(624, 'aon', 'บันทึกการเคลื่อนไหวสินค้า', NULL, '2025-11-05 15:49:52', 'unknown', 'สินค้า: นิปเปิ้ล 4 หุน เกลียวนอกเกลียวใน (ID: 100032). ประเภท: ใช้ไป, จำนวน: 1, ยอดคงเหลือใหม่: 4', '2025-11-05 08:49:52', '2025-11-05 15:49:52', 0, 0, NULL, NULL),
(625, 'aon', 'บันทึกการเคลื่อนไหวสินค้า', NULL, '2025-11-05 15:50:31', 'unknown', 'สินค้า: มินิวาล์ว เกลียวนอก 2 ด้าน (ID: 100033). ประเภท: ใช้ไป, จำนวน: 1, ยอดคงเหลือใหม่: 3', '2025-11-05 08:50:31', '2025-11-05 15:50:31', 0, 0, NULL, NULL),
(626, 'aon', 'บันทึกการเคลื่อนไหวสินค้า', NULL, '2025-11-05 15:51:39', 'unknown', 'สินค้า: นิปเปิ้ล 4 หุน เกลียวนอกเกลียวใน (ID: 100032). ประเภท: ใช้ไป, จำนวน: 1, ยอดคงเหลือใหม่: 3', '2025-11-05 08:51:39', '2025-11-05 15:51:39', 0, 0, NULL, NULL),
(627, 'aon', 'บันทึกการเคลื่อนไหวสินค้า', NULL, '2025-11-05 15:52:23', 'unknown', 'สินค้า: สายน้ำดี32นิ้ว (ID: 100050). ประเภท: ใช้ไป, จำนวน: 1, ยอดคงเหลือใหม่: 1', '2025-11-05 08:52:23', '2025-11-05 15:52:23', 0, 0, NULL, NULL),
(628, 'aon', 'ล็อกอินเข้าสู่ระบบ', NULL, '2025-11-10 11:44:57', 'unknown', NULL, '2025-11-10 04:44:57', '2025-11-10 11:44:57', 0, 0, NULL, NULL),
(629, 'aon', 'ล็อกอินเข้าสู่ระบบ', NULL, '2025-11-10 11:44:57', 'unknown', NULL, '2025-11-10 04:44:57', '2025-11-10 11:44:57', 0, 0, NULL, NULL),
(630, 'aon', 'บันทึกการเคลื่อนไหวสินค้า', NULL, '2025-11-10 11:45:29', 'unknown', 'สินค้า: หลอดไฟ 32 w (ID: 100005). ประเภท: ใช้ไป, จำนวน: 1, ยอดคงเหลือใหม่: 21', '2025-11-10 04:45:29', '2025-11-10 11:45:29', 0, 0, NULL, NULL),
(631, 'aon', 'บันทึกการเคลื่อนไหวสินค้า', NULL, '2025-11-10 11:46:11', 'unknown', 'สินค้า: สตาร์ทเตอร์ (ID: 100008). ประเภท: ใช้ไป, จำนวน: 1, ยอดคงเหลือใหม่: 37', '2025-11-10 04:46:11', '2025-11-10 11:46:11', 0, 0, NULL, NULL),
(632, 'aon', 'บันทึกการเคลื่อนไหวสินค้า', NULL, '2025-11-10 11:46:46', 'unknown', 'สินค้า: อะไหล่สี่สาย (ID: 100013). ประเภท: ใช้ไป, จำนวน: 1, ยอดคงเหลือใหม่: 22', '2025-11-10 04:46:46', '2025-11-10 11:46:46', 0, 0, NULL, NULL),
(633, 'aon', 'บันทึกการเคลื่อนไหวสินค้า', NULL, '2025-11-10 11:47:22', 'unknown', 'สินค้า: ขาล็อคสตาร์ทเตอร์ (ID: 100014). ประเภท: ใช้ไป, จำนวน: 1, ยอดคงเหลือใหม่: 21', '2025-11-10 04:47:22', '2025-11-10 11:47:22', 0, 0, NULL, NULL),
(634, 'aon', 'บันทึกการเคลื่อนไหวสินค้า', NULL, '2025-11-10 11:47:58', 'unknown', 'สินค้า: กระปุกน้ำทิ้งอ่างล้างหน้า (ID: 100021). ประเภท: ใช้ไป, จำนวน: 1, ยอดคงเหลือใหม่: 0', '2025-11-10 04:47:58', '2025-11-10 11:47:58', 0, 0, NULL, NULL),
(636, 'aon', 'บันทึกการเคลื่อนไหวสินค้า', NULL, '2025-11-10 11:49:49', 'unknown', 'สินค้า: ก้านชาร์ป 14 นิ้ว (ID: 100087). ประเภท: ใช้ไป, จำนวน: 1, ยอดคงเหลือใหม่: 3', '2025-11-10 04:49:49', '2025-11-10 11:49:49', 0, 0, NULL, NULL),
(637, 'aon', 'บันทึกการเคลื่อนไหวสินค้า', NULL, '2025-11-10 11:50:28', 'unknown', 'สินค้า: ท่อย่นเล็ก (ID: 100052). ประเภท: ใช้ไป, จำนวน: 1, ยอดคงเหลือใหม่: 10', '2025-11-10 04:50:28', '2025-11-10 11:50:28', 0, 0, NULL, NULL),
(638, 'aon', 'บันทึกการเคลื่อนไหวสินค้า', NULL, '2025-11-10 11:50:59', 'unknown', 'สินค้า: ท่อย่นใหญ่ (ID: 100053). ประเภท: ใช้ไป, จำนวน: 1, ยอดคงเหลือใหม่: 14', '2025-11-10 04:50:59', '2025-11-10 11:50:59', 0, 0, NULL, NULL),
(639, 'aon', 'บันทึกการเคลื่อนไหวสินค้า', NULL, '2025-11-10 11:51:55', 'unknown', 'สินค้า: หลอดไฟ 32 w (ID: 100005). ประเภท: ใช้ไป, จำนวน: 1, ยอดคงเหลือใหม่: 20', '2025-11-10 04:51:55', '2025-11-10 11:51:55', 0, 0, NULL, NULL),
(640, 'aon', 'ล็อกอินเข้าสู่ระบบ', NULL, '2025-11-10 11:54:06', 'unknown', NULL, '2025-11-10 04:54:06', '2025-11-10 11:54:06', 0, 0, NULL, NULL),
(641, 'aon', 'บันทึกการเคลื่อนไหวสินค้า', NULL, '2025-11-10 11:54:26', 'unknown', 'สินค้า: หลอดไฟ LED 11w Phi (ID: 100001). ประเภท: ใช้ไป, จำนวน: 2, ยอดคงเหลือใหม่: 44', '2025-11-10 04:54:26', '2025-11-10 11:54:26', 0, 0, NULL, NULL),
(642, 'admin', 'ล็อกอินเข้าสู่ระบบ', NULL, '2025-11-10 11:54:29', 'unknown', NULL, '2025-11-10 04:54:29', '2025-11-10 11:54:29', 0, 0, NULL, NULL),
(643, 'aon', 'บันทึกการเคลื่อนไหวสินค้า', NULL, '2025-11-10 11:54:52', 'unknown', 'สินค้า: หลอดไฟ LED 11w Phi (ID: 100001). ประเภท: ใช้ไป, จำนวน: 6, ยอดคงเหลือใหม่: 38', '2025-11-10 04:54:52', '2025-11-10 11:54:52', 0, 0, NULL, NULL),
(644, 'aon', '0', 100071, '2025-11-10 05:55:55', 'unknown', NULL, '2025-11-10 04:55:55', '2025-11-10 11:55:55', 0, 1, 'คืน log_id=510', NULL),
(645, 'aon', 'บันทึกการเคลื่อนไหวสินค้า', NULL, '2025-11-10 11:56:52', 'unknown', 'สินค้า: มิเตอร์ไฟ (ID: 100071). ประเภท: รับเข้า, จำนวน: 5, ยอดคงเหลือใหม่: 6', '2025-11-10 04:56:52', '2025-11-10 11:56:52', 0, 0, NULL, NULL),
(646, 'aon', 'บันทึกการเคลื่อนไหวสินค้า', NULL, '2025-11-10 11:57:18', 'unknown', 'สินค้า: หลอดไฟ LED 11w Phi (ID: 100001). ประเภท: รับเข้า, จำนวน: 36, ยอดคงเหลือใหม่: 74', '2025-11-10 04:57:18', '2025-11-10 11:57:18', 0, 0, NULL, NULL),
(647, 'aon', 'บันทึกการเคลื่อนไหวสินค้า', NULL, '2025-11-10 11:58:05', 'unknown', 'สินค้า: หลอด LED#170198-20W-6500K Moudle-Round (ID: 100089). ประเภท: รับเข้า, จำนวน: 5, ยอดคงเหลือใหม่: 21', '2025-11-10 04:58:05', '2025-11-10 11:58:05', 0, 0, NULL, NULL),
(648, 'aon', 'ล็อกอินเข้าสู่ระบบ', NULL, '2025-11-10 12:05:53', 'unknown', NULL, '2025-11-10 05:05:53', '2025-11-10 12:05:53', 0, 0, NULL, NULL),
(649, 'aon', 'บันทึกการเคลื่อนไหวสินค้า', NULL, '2025-11-10 12:06:35', 'unknown', 'สินค้า: ก้านชาร์ป 14 นิ้ว (ID: 100087). ประเภท: ใช้ไป, จำนวน: 2, ยอดคงเหลือใหม่: 1', '2025-11-10 05:06:35', '2025-11-10 12:06:35', 0, 0, NULL, NULL),
(650, 'aon', 'ล็อกอินเข้าสู่ระบบ', NULL, '2025-11-10 12:08:46', 'unknown', NULL, '2025-11-10 05:08:46', '2025-11-10 12:08:46', 0, 0, NULL, NULL),
(651, 'aon', 'ล็อกอินเข้าสู่ระบบ', NULL, '2025-11-10 12:10:55', 'unknown', NULL, '2025-11-10 05:10:55', '2025-11-10 12:10:55', 0, 0, NULL, NULL),
(652, 'aon', 'ล็อกอินเข้าสู่ระบบ', NULL, '2025-11-11 13:40:07', 'unknown', NULL, '2025-11-11 06:40:07', '2025-11-11 13:40:07', 0, 0, NULL, NULL),
(653, 'aon', 'บันทึกการเคลื่อนไหวสินค้า', NULL, '2025-11-11 13:41:15', 'unknown', 'สินค้า: ก็อกโค้ง (ID: 100020). ประเภท: รับเข้า, จำนวน: 2, ยอดคงเหลือใหม่: 7', '2025-11-11 06:41:15', '2025-11-11 13:41:15', 0, 0, NULL, NULL),
(654, 'aon', 'บันทึกการเคลื่อนไหวสินค้า', NULL, '2025-11-11 13:42:35', 'unknown', 'สินค้า: กระปุกน้ำทิ้งอ่างล้างหน้า (ID: 100021). ประเภท: รับเข้า, จำนวน: 4, ยอดคงเหลือใหม่: 4', '2025-11-11 06:42:35', '2025-11-11 13:42:35', 0, 0, NULL, NULL),
(655, 'aon', 'บันทึกการเคลื่อนไหวสินค้า', NULL, '2025-11-11 13:43:10', 'unknown', 'สินค้า: ก้านชาร์ป 14 นิ้ว (ID: 100087). ประเภท: รับเข้า, จำนวน: 5, ยอดคงเหลือใหม่: 6', '2025-11-11 06:43:10', '2025-11-11 13:43:10', 0, 0, NULL, NULL),
(656, 'aon', 'บันทึกการเคลื่อนไหวสินค้า', NULL, '2025-11-11 13:43:47', 'unknown', 'สินค้า: สะดืออ่างล้างจาน (ID: 100024). ประเภท: รับเข้า, จำนวน: 3, ยอดคงเหลือใหม่: 7', '2025-11-11 06:43:47', '2025-11-11 13:43:47', 0, 0, NULL, NULL),
(657, 'aon', 'บันทึกการเคลื่อนไหวสินค้า', NULL, '2025-11-11 13:44:17', 'unknown', 'สินค้า: สายน้ำดี1เมตร (ID: 100051). ประเภท: รับเข้า, จำนวน: 3, ยอดคงเหลือใหม่: 4', '2025-11-11 06:44:17', '2025-11-11 13:44:17', 0, 0, NULL, NULL),
(658, 'aon', 'บันทึกการเคลื่อนไหวสินค้า', NULL, '2025-11-11 13:44:45', 'unknown', 'สินค้า: สายน้ำดี20นิ้ว (ID: 100047). ประเภท: รับเข้า, จำนวน: 5, ยอดคงเหลือใหม่: 6', '2025-11-11 06:44:45', '2025-11-11 13:44:45', 0, 0, NULL, NULL),
(659, 'aon', 'บันทึกการเคลื่อนไหวสินค้า', NULL, '2025-11-11 13:45:14', 'unknown', 'สินค้า: สายน้ำดี18นิ้ว (ID: 100046). ประเภท: รับเข้า, จำนวน: 3, ยอดคงเหลือใหม่: 8', '2025-11-11 06:45:14', '2025-11-11 13:45:14', 0, 0, NULL, NULL),
(660, 'aon', 'บันทึกการเคลื่อนไหวสินค้า', NULL, '2025-11-11 13:45:47', 'unknown', 'สินค้า: สายน้ำดี32นิ้ว (ID: 100050). ประเภท: รับเข้า, จำนวน: 3, ยอดคงเหลือใหม่: 4', '2025-11-11 06:45:47', '2025-11-11 13:45:47', 0, 0, NULL, NULL),
(661, 'aon', 'บันทึกการเคลื่อนไหวสินค้า', NULL, '2025-11-11 13:46:21', 'unknown', 'สินค้า: ท่อย่นใหญ่ (ID: 100053). ประเภท: รับเข้า, จำนวน: 5, ยอดคงเหลือใหม่: 19', '2025-11-11 06:46:21', '2025-11-11 13:46:21', 0, 0, NULL, NULL),
(662, 'aon', 'บันทึกการเคลื่อนไหวสินค้า', NULL, '2025-11-11 13:47:06', 'unknown', 'สินค้า: เทปพันเกลียว (ID: 100077). ประเภท: รับเข้า, จำนวน: 5, ยอดคงเหลือใหม่: 11', '2025-11-11 06:47:06', '2025-11-11 13:47:06', 0, 0, NULL, NULL),
(663, 'aon', 'บันทึกการเคลื่อนไหวสินค้า', NULL, '2025-11-11 13:47:23', 'unknown', 'สินค้า: เทปพันเกลียว (ID: 100077). ประเภท: ใช้ไป, จำนวน: 5, ยอดคงเหลือใหม่: 6', '2025-11-11 06:47:23', '2025-11-11 13:47:23', 0, 0, NULL, NULL),
(664, 'aon', 'บันทึกการเคลื่อนไหวสินค้า', NULL, '2025-11-11 13:48:01', 'unknown', 'สินค้า: เทปพันสายไฟ (ID: 100078). ประเภท: ใช้ไป, จำนวน: 3, ยอดคงเหลือใหม่: 1', '2025-11-11 06:48:01', '2025-11-11 13:48:01', 0, 0, NULL, NULL),
(665, 'aon', 'บันทึกการเคลื่อนไหวสินค้า', NULL, '2025-11-11 13:48:21', 'unknown', 'สินค้า: เทปพันสายไฟ (ID: 100078). ประเภท: รับเข้า, จำนวน: 5, ยอดคงเหลือใหม่: 6', '2025-11-11 06:48:21', '2025-11-11 13:48:21', 0, 0, NULL, NULL),
(666, 'aon', 'บันทึกการเคลื่อนไหวสินค้า', NULL, '2025-11-11 13:48:52', 'unknown', 'สินค้า: มินิวาล์ว เกลียวนอก 2 ด้าน (ID: 100033). ประเภท: รับเข้า, จำนวน: 5, ยอดคงเหลือใหม่: 8', '2025-11-11 06:48:52', '2025-11-11 13:48:52', 0, 0, NULL, NULL),
(667, 'aon', 'บันทึกการเคลื่อนไหวสินค้า', NULL, '2025-11-11 13:49:19', 'unknown', 'สินค้า: มินิวาล์วเกลียวนอกเกลียวใน (ID: 100076). ประเภท: รับเข้า, จำนวน: 5, ยอดคงเหลือใหม่: 10', '2025-11-11 06:49:19', '2025-11-11 13:49:19', 0, 0, NULL, NULL),
(668, 'aon', 'ล็อกอินเข้าสู่ระบบ', NULL, '2025-11-17 17:34:54', 'unknown', NULL, '2025-11-17 10:34:54', '2025-11-17 17:34:54', 0, 0, NULL, NULL),
(669, 'aon', 'ล็อกอินเข้าสู่ระบบ', NULL, '2025-11-18 10:24:17', 'unknown', NULL, '2025-11-18 03:24:17', '2025-11-18 10:24:17', 0, 0, NULL, NULL),
(670, 'aon', 'ล็อกอินเข้าสู่ระบบ', NULL, '2025-11-18 10:53:30', 'unknown', NULL, '2025-11-18 03:53:30', '2025-11-18 10:53:30', 0, 0, NULL, NULL),
(671, 'admin', 'ล็อกอินเข้าสู่ระบบ', NULL, '2025-11-18 11:04:51', 'unknown', NULL, '2025-11-18 04:04:51', '2025-11-18 11:04:51', 0, 0, NULL, NULL);
INSERT INTO `tbl_action_log` (`id`, `username`, `action`, `p_id`, `log_time`, `ip_address`, `description`, `log_date`, `created_at`, `borrow_status`, `quantity`, `remarks`, `details`) VALUES
(672, 'aon', 'ล็อกอินเข้าสู่ระบบ', NULL, '2025-11-18 11:56:19', 'unknown', NULL, '2025-11-18 04:56:19', '2025-11-18 11:56:19', 0, 0, NULL, NULL),
(673, 'admin', 'ล็อกอินเข้าสู่ระบบ', NULL, '2025-11-18 11:56:36', 'unknown', NULL, '2025-11-18 04:56:36', '2025-11-18 11:56:36', 0, 0, NULL, NULL),
(674, 'aon', 'ล็อกอินเข้าสู่ระบบ', NULL, '2025-11-18 12:36:32', 'unknown', NULL, '2025-11-18 05:36:32', '2025-11-18 12:36:32', 0, 0, NULL, NULL),
(675, 'aon', 'ใช้ไป', 100006, '2025-11-18 12:42:27', 'unknown', NULL, '2025-11-17 23:42:27', '2025-11-18 12:42:27', 0, 1, 'ห้องไฟ', NULL),
(676, 'admin', 'ล็อกอินเข้าสู่ระบบ', NULL, '2025-11-18 13:39:00', 'unknown', NULL, '2025-11-18 06:39:00', '2025-11-18 13:39:00', 0, 0, NULL, NULL),
(677, 'aon', 'ล็อกอินเข้าสู่ระบบ', NULL, '2025-11-18 14:18:55', 'unknown', NULL, '2025-11-18 07:18:55', '2025-11-18 14:18:55', 0, 0, NULL, NULL),
(678, 'aon', 'ใช้ไป', 100001, '2025-11-18 14:20:18', 'unknown', NULL, '2025-11-18 01:20:18', '2025-11-18 14:20:18', 0, 3, 'ส่วนกลางหน้าห้อง 1515 1511 1202', NULL),
(679, 'aon', 'ใช้ไป', 100033, '2025-11-18 14:21:39', 'unknown', NULL, '2025-11-15 01:21:39', '2025-11-18 14:21:39', 0, 1, '1206', NULL),
(680, 'aon', 'รับเข้า', 100065, '2025-11-18 14:27:35', 'unknown', NULL, '2025-11-17 01:27:35', '2025-11-18 14:27:35', 0, 10, 'ซื้อเดือน ก.ย.68', NULL),
(681, 'aon', '0', 100065, '2025-11-18 08:29:31', 'unknown', NULL, '2025-11-18 07:29:31', '2025-11-18 14:29:31', 0, 1, 'คืน log_id=340', NULL),
(682, 'aon', 'ใช้ไป', 100001, '2025-11-18 14:36:46', 'unknown', NULL, '2025-11-17 01:36:46', '2025-11-18 14:36:46', 0, 1, 'ส่วนกลางหน้าห้อง 1201', NULL),
(683, 'aon', 'ใช้ไป', 100068, '2025-11-18 14:38:40', 'unknown', NULL, '2025-11-18 01:38:40', '2025-11-18 14:38:40', 0, 2, '1702 1709', NULL),
(684, 'admin', '0', 100065, '2025-11-18 08:46:36', 'unknown', NULL, '2025-11-18 07:46:36', '2025-11-18 14:46:36', 0, 1, 'คืน log_id=543', NULL),
(685, 'admin', '0', 100065, '2025-11-18 08:46:39', 'unknown', NULL, '2025-11-18 07:46:39', '2025-11-18 14:46:39', 0, 1, 'คืน log_id=527', NULL),
(686, 'aon', 'รับเข้า', 100065, '2025-11-18 14:50:17', 'unknown', NULL, '2025-11-18 01:50:17', '2025-11-18 14:50:17', 0, 2, 'รับคืนจากตึก 2', NULL),
(687, 'aon', 'ใช้ไป', 100065, '2025-11-18 14:53:03', 'unknown', NULL, '2025-11-18 01:53:03', '2025-11-18 14:53:03', 0, 1, '1803 (17/11/68)', NULL),
(688, 'aon', 'รับเข้า', 100018, '2025-11-18 14:58:43', 'unknown', NULL, '2025-11-11 01:58:43', '2025-11-18 14:58:43', 0, 15, 'บจก.อินเตอร์สุขภัณฑ์เซรามิค', NULL),
(689, 'aon', 'รับเข้า', 100017, '2025-11-18 14:58:43', 'unknown', NULL, '2025-11-11 01:58:43', '2025-11-18 14:58:43', 0, 15, 'บจก.อินเตอร์สุขภัณฑ์เซรามิค', NULL),
(690, 'admin', 'เพิ่มสินค้า: test2 (ID: 100272)', NULL, '2025-11-18 15:05:27', '192.168.1.240', NULL, '2025-11-18 08:05:27', '2025-11-18 15:05:27', 0, 0, NULL, NULL),
(691, 'admin', 'รับเข้า', 100272, '2025-11-18 15:05:42', 'unknown', NULL, '2025-11-18 02:05:42', '2025-11-18 15:05:42', 0, 5, '', NULL),
(692, 'admin', 'รับเข้า', 100272, '2025-11-18 15:13:52', 'unknown', NULL, '2025-11-18 02:13:52', '2025-11-18 15:13:52', 0, 5, '', NULL),
(693, 'admin', 'รับเข้า', 100272, '2025-11-18 15:14:46', 'unknown', NULL, '2025-11-18 02:14:46', '2025-11-18 15:14:46', 0, 5, '', NULL),
(694, 'admin', 'ล็อกอินเข้าสู่ระบบ', NULL, '2025-11-18 17:43:29', 'unknown', NULL, '2025-11-18 10:43:29', '2025-11-18 17:43:29', 0, 0, NULL, NULL),
(695, 'admin', 'ระงับสินค้าเรียบร้อย: p_id = 100272', NULL, '2025-11-18 17:48:54', '192.168.1.240', NULL, '2025-11-18 10:48:54', '2025-11-18 17:48:54', 0, 0, NULL, NULL),
(696, 'nong', 'ล็อกอินเข้าสู่ระบบ', NULL, '2025-11-18 18:01:02', 'unknown', NULL, '2025-11-18 11:01:02', '2025-11-18 18:01:02', 0, 0, NULL, NULL),
(697, 'admin', 'ล็อกอินเข้าสู่ระบบ', NULL, '2025-11-19 10:02:06', 'unknown', NULL, '2025-11-19 03:02:06', '2025-11-19 10:02:06', 0, 0, NULL, NULL),
(698, 'admin', 'ล็อกอินเข้าสู่ระบบ', NULL, '2025-11-19 10:55:50', 'unknown', NULL, '2025-11-19 03:55:50', '2025-11-19 10:55:50', 0, 0, NULL, NULL),
(699, 'nong', 'ล็อกอินเข้าสู่ระบบ', NULL, '2025-11-19 11:16:30', 'unknown', NULL, '2025-11-19 04:16:30', '2025-11-19 11:16:30', 0, 0, NULL, NULL),
(700, 'aon', 'ล็อกอินเข้าสู่ระบบ', NULL, '2025-11-19 11:26:50', 'unknown', NULL, '2025-11-19 04:26:50', '2025-11-19 11:26:50', 0, 0, NULL, NULL),
(701, 'aon', 'ล็อกอินเข้าสู่ระบบ', NULL, '2025-11-19 14:26:05', 'unknown', NULL, '2025-11-19 07:26:05', '2025-11-19 14:26:05', 0, 0, NULL, NULL),
(702, 'aon', 'รับเข้า', 100105, '2025-11-19 14:32:53', 'unknown', NULL, '2025-11-17 01:32:53', '2025-11-19 14:32:53', 0, 5, 'บจก.ปากเกร็ดแอร์ (ราคาก่อน VAT 17654.21)', NULL),
(703, 'admin', 'ล็อกอินเข้าสู่ระบบ', NULL, '2025-11-19 14:44:36', 'unknown', NULL, '2025-11-19 07:44:36', '2025-11-19 14:44:36', 0, 0, NULL, NULL),
(704, 'aon', 'ใช้ไป', 100105, '2025-11-19 14:51:26', 'unknown', NULL, '2025-11-19 01:51:26', '2025-11-19 14:51:26', 0, 1, 'ห้อง 1405 (ติดตั้งไป 30/10/68)', NULL),
(705, 'admin', 'ล็อกอินเข้าสู่ระบบ', NULL, '2025-11-20 09:07:31', 'unknown', NULL, '2025-11-20 02:07:31', '2025-11-20 09:07:31', 0, 0, NULL, NULL),
(706, 'admin', 'ล็อกอินเข้าสู่ระบบ', NULL, '2025-11-26 14:11:25', 'unknown', NULL, '2025-11-26 07:11:25', '2025-11-26 14:11:25', 0, 0, NULL, NULL),
(707, 'admin', 'ล็อกอินเข้าสู่ระบบ', NULL, '2025-11-28 15:15:57', 'unknown', NULL, '2025-11-28 08:15:57', '2025-11-28 15:15:57', 0, 0, NULL, NULL),
(708, 'aon', 'ล็อกอินเข้าสู่ระบบ', NULL, '2025-12-08 09:59:36', 'unknown', NULL, '2025-12-08 02:59:36', '2025-12-08 09:59:36', 0, 0, NULL, NULL),
(709, 'aon', '0', 100001, '2025-12-08 10:01:28', 'unknown', NULL, '2025-12-07 21:01:28', '2025-12-08 10:01:28', 0, 1, 'สินค้า: หลอดไฟ LED 11w Phi (100001) | ประเภท: ออก | จำนวน: 1 | สต็อกใหม่: 69', NULL),
(710, 'aon', '0', 100001, '2025-12-08 10:01:30', 'unknown', NULL, '2025-12-07 21:01:30', '2025-12-08 10:01:30', 0, 1, 'สินค้า: หลอดไฟ LED 11w Phi (100001) | ประเภท: ออก | จำนวน: 1 | สต็อกใหม่: 68', NULL),
(711, 'aon', '0', 100001, '2025-12-08 10:01:36', 'unknown', NULL, '2025-12-07 21:01:36', '2025-12-08 10:01:36', 0, 1, 'สินค้า: หลอดไฟ LED 11w Phi (100001) | ประเภท: ออก | จำนวน: 1 | สต็อกใหม่: 67', NULL),
(712, 'aon', '0', 100001, '2025-12-08 10:02:55', 'unknown', NULL, '2025-12-07 21:02:55', '2025-12-08 10:02:55', 0, 1, 'สินค้า: หลอดไฟ LED 11w Phi (100001) | ประเภท: ออก | จำนวน: 1 | สต็อกใหม่: 66', NULL),
(713, 'aon', '0', 100071, '2025-12-08 10:04:01', 'unknown', NULL, '2025-12-07 21:04:01', '2025-12-08 10:04:01', 0, 6, 'สินค้า: มิเตอร์ไฟ (100071) | ประเภท: ออก | จำนวน: 6 | สต็อกใหม่: 0', NULL),
(714, 'aon', '0', 100005, '2025-12-08 10:05:46', 'unknown', NULL, '2025-12-07 21:05:46', '2025-12-08 10:05:46', 0, 1, 'สินค้า: หลอดไฟ 32 w (100005) | ประเภท: ออก | จำนวน: 1 | สต็อกใหม่: 19', NULL),
(715, 'aon', 'ล็อกอินเข้าสู่ระบบ', NULL, '2025-12-08 10:29:12', 'unknown', NULL, '2025-12-08 03:29:12', '2025-12-08 10:29:12', 0, 0, NULL, NULL),
(716, 'admin', 'ล็อกอินเข้าสู่ระบบ', NULL, '2025-12-17 14:41:37', 'unknown', NULL, '2025-12-17 07:41:37', '2025-12-17 14:41:37', 0, 0, NULL, NULL),
(717, 'aon', 'ล็อกอินเข้าสู่ระบบ', NULL, '2026-01-02 16:21:35', 'unknown', NULL, '2026-01-02 09:21:35', '2026-01-02 16:21:35', 0, 0, NULL, NULL),
(718, 'aon', '0', 100020, '2026-01-02 16:23:36', 'unknown', NULL, '2026-01-02 03:23:36', '2026-01-02 16:23:36', 0, 1, 'สินค้า: ก็อกโค้ง (100020) | ประเภท: ออก | จำนวน: 1 | สต็อกใหม่: 6', NULL),
(719, 'aon', '0', 100020, '2026-01-02 16:24:18', 'unknown', NULL, '2026-01-02 03:24:18', '2026-01-02 16:24:18', 0, 1, 'สินค้า: ก็อกโค้ง (100020) | ประเภท: ออก | จำนวน: 1 | สต็อกใหม่: 5', NULL),
(720, 'aon', '0', 100024, '2026-01-02 16:25:38', 'unknown', NULL, '2026-01-02 03:25:38', '2026-01-02 16:25:38', 0, 1, 'สินค้า: สะดืออ่างล้างจาน (100024) | ประเภท: ออก | จำนวน: 1 | สต็อกใหม่: 6', NULL),
(721, 'aon', '0', 100053, '2026-01-02 16:26:15', 'unknown', NULL, '2026-01-02 03:26:15', '2026-01-02 16:26:15', 0, 1, 'สินค้า: ท่อย่นใหญ่ (100053) | ประเภท: ออก | จำนวน: 1 | สต็อกใหม่: 18', NULL),
(722, 'aon', '0', 100047, '2026-01-02 16:26:53', 'unknown', NULL, '2026-01-02 03:26:53', '2026-01-02 16:26:53', 0, 1, 'สินค้า: สายน้ำดี20นิ้ว (100047) | ประเภท: ออก | จำนวน: 1 | สต็อกใหม่: 5', NULL),
(723, 'aon', '0', 100063, '2026-01-02 16:27:31', 'unknown', NULL, '2026-01-02 03:27:31', '2026-01-02 16:27:31', 0, 1, 'สินค้า: คีย์การ์ดใหม่ (100063) | ประเภท: ออก | จำนวน: 1 | สต็อกใหม่: 36', NULL),
(724, 'aon', '0', 100005, '2026-01-02 16:28:34', 'unknown', NULL, '2026-01-02 03:28:34', '2026-01-02 16:28:34', 0, 1, 'สินค้า: หลอดไฟ 32 w (100005) | ประเภท: ออก | จำนวน: 1 | สต็อกใหม่: 18', NULL),
(725, 'aon', '0', 100014, '2026-01-02 16:29:24', 'unknown', NULL, '2026-01-02 03:29:24', '2026-01-02 16:29:24', 0, 1, 'สินค้า: ขาล็อคสตาร์ทเตอร์ (100014) | ประเภท: ออก | จำนวน: 1 | สต็อกใหม่: 20', NULL),
(726, 'aon', '0', 100029, '2026-01-02 16:30:23', 'unknown', NULL, '2026-01-02 03:30:23', '2026-01-02 16:30:23', 0, 1, 'สินค้า: ฟลอเดน (100029) | ประเภท: ออก | จำนวน: 1 | สต็อกใหม่: 6', NULL),
(727, 'aon', '0', 100001, '2026-01-02 16:31:20', 'unknown', NULL, '2026-01-02 03:31:20', '2026-01-02 16:31:20', 0, 1, 'สินค้า: หลอดไฟ LED 11w Phi (100001) | ประเภท: ออก | จำนวน: 1 | สต็อกใหม่: 65', NULL),
(728, 'aon', '0', 100068, '2026-01-02 16:32:28', 'unknown', NULL, '2026-01-02 03:32:28', '2026-01-02 16:32:28', 0, 1, 'สินค้า: ฝาชักโครก (100068) | ประเภท: ออก | จำนวน: 1 | สต็อกใหม่: 0', NULL),
(729, 'aon', '0', 100068, '2026-01-02 16:32:57', 'unknown', NULL, '2026-01-02 03:32:57', '2026-01-02 16:32:57', 0, 3, 'สินค้า: ฝาชักโครก (100068) | ประเภท: รับเข้า | จำนวน: 3 | สต็อกใหม่: 3', NULL),
(730, 'aon', '0', 100001, '2026-01-02 16:33:42', 'unknown', NULL, '2026-01-02 03:33:42', '2026-01-02 16:33:42', 0, 1, 'สินค้า: หลอดไฟ LED 11w Phi (100001) | ประเภท: ออก | จำนวน: 1 | สต็อกใหม่: 64', NULL),
(731, 'aon', '0', 100089, '2026-01-02 16:34:23', 'unknown', NULL, '2026-01-02 03:34:23', '2026-01-02 16:34:23', 0, 1, 'สินค้า: หลอด LED#170198-20W-6500K Moudle-Round (100089) | ประเภท: ออก | จำนวน: 1 | สต็อกใหม่: 20', NULL),
(732, 'aon', '0', 100012, '2026-01-02 16:35:00', 'unknown', NULL, '2026-01-02 03:35:00', '2026-01-02 16:35:00', 0, 3, 'สินค้า: อะไหล่ขาล็อคโคมเพดาน หน้าห้องน้ำ (100012) | ประเภท: ออก | จำนวน: 3 | สต็อกใหม่: 10', NULL),
(733, 'aon', '0', 100001, '2026-01-02 16:36:30', 'unknown', NULL, '2026-01-02 03:36:30', '2026-01-02 16:36:30', 0, 3, 'สินค้า: หลอดไฟ LED 11w Phi (100001) | ประเภท: ออก | จำนวน: 3 | สต็อกใหม่: 61', NULL),
(734, 'aon', '0', 100001, '2026-01-02 16:37:01', 'unknown', NULL, '2026-01-02 03:37:01', '2026-01-02 16:37:01', 0, 2, 'สินค้า: หลอดไฟ LED 11w Phi (100001) | ประเภท: ออก | จำนวน: 2 | สต็อกใหม่: 59', NULL),
(735, 'aon', '0', 100001, '2026-01-02 16:37:35', 'unknown', NULL, '2026-01-02 03:37:35', '2026-01-02 16:37:35', 0, 1, 'สินค้า: หลอดไฟ LED 11w Phi (100001) | ประเภท: ออก | จำนวน: 1 | สต็อกใหม่: 58', NULL),
(736, 'aon', '0', 100001, '2026-01-02 16:37:36', 'unknown', NULL, '2026-01-02 03:37:36', '2026-01-02 16:37:36', 0, 1, 'สินค้า: หลอดไฟ LED 11w Phi (100001) | ประเภท: ออก | จำนวน: 1 | สต็อกใหม่: 57', NULL),
(737, 'aon', '0', 100053, '2026-01-02 16:38:32', 'unknown', NULL, '2026-01-02 03:38:32', '2026-01-02 16:38:32', 0, 1, 'สินค้า: ท่อย่นใหญ่ (100053) | ประเภท: ออก | จำนวน: 1 | สต็อกใหม่: 17', NULL),
(738, 'aon', '0', 100024, '2026-01-02 16:39:12', 'unknown', NULL, '2026-01-02 03:39:12', '2026-01-02 16:39:12', 0, 1, 'สินค้า: สะดืออ่างล้างจาน (100024) | ประเภท: ออก | จำนวน: 1 | สต็อกใหม่: 5', NULL),
(739, 'aon', '0', 100017, '2026-01-02 16:39:41', 'unknown', NULL, '2026-01-02 03:39:41', '2026-01-02 16:39:41', 0, 1, 'สินค้า: สายฉีดชำระ (100017) | ประเภท: ออก | จำนวน: 1 | สต็อกใหม่: 36', NULL),
(740, 'aon', 'ล็อกอินเข้าสู่ระบบ', NULL, '2026-01-11 09:28:17', 'unknown', NULL, '2026-01-11 02:28:17', '2026-01-11 09:28:17', 0, 0, NULL, NULL),
(741, 'aon', '0', 100005, '2026-01-11 09:29:30', 'unknown', NULL, '2026-01-10 20:29:30', '2026-01-11 09:29:30', 0, 1, 'สินค้า: หลอดไฟ 32 w (100005) | ประเภท: ออก | จำนวน: 1 | สต็อกใหม่: 17', NULL),
(742, 'aon', '0', 100018, '2026-01-11 09:30:32', 'unknown', NULL, '2026-01-10 20:30:32', '2026-01-11 09:30:32', 0, 1, 'สินค้า: ก็อกอ่างล้างหน้า (100018) | ประเภท: ออก | จำนวน: 1 | สต็อกใหม่: 18', NULL),
(743, 'aon', 'ยืมมา', 100062, '2026-01-11 09:36:01', 'unknown', NULL, '2026-01-10 20:36:01', '2026-01-11 09:36:01', 0, 1, 'ยืมมา - ผู้ยืม: อร | เหตุผล: ห้องร้านค้า 1104', NULL),
(744, 'aon', '0', 100062, '2026-01-11 09:37:04', 'unknown', NULL, '2026-01-10 20:37:04', '2026-01-11 09:37:04', 0, 1, 'สินค้า: ประตูห้องน้ำ (100062) | ประเภท: ออก | จำนวน: 1 | สต็อกใหม่: 1', NULL),
(745, 'aon', '0', 100001, '2026-01-11 09:39:16', 'unknown', NULL, '2026-01-10 20:39:16', '2026-01-11 09:39:16', 0, 2, 'สินค้า: หลอดไฟ LED 11w Phi (100001) | ประเภท: ออก | จำนวน: 2 | สต็อกใหม่: 55', NULL),
(746, 'aon', '0', 100005, '2026-01-11 09:41:19', 'unknown', NULL, '2026-01-10 20:41:19', '2026-01-11 09:41:19', 0, 2, 'สินค้า: หลอดไฟ 32 w (100005) | ประเภท: ออก | จำนวน: 2 | สต็อกใหม่: 15', NULL),
(747, 'aon', '0', 100014, '2026-01-11 09:41:58', 'unknown', NULL, '2026-01-10 20:41:58', '2026-01-11 09:41:58', 0, 1, 'สินค้า: ขาล็อคสตาร์ทเตอร์ (100014) | ประเภท: ออก | จำนวน: 1 | สต็อกใหม่: 19', NULL),
(748, 'aon', '0', 100001, '2026-01-11 09:42:56', 'unknown', NULL, '2026-01-10 20:42:56', '2026-01-11 09:42:56', 0, 6, 'สินค้า: หลอดไฟ LED 11w Phi (100001) | ประเภท: ออก | จำนวน: 6 | สต็อกใหม่: 49', NULL),
(749, 'aon', '0', 100001, '2026-01-11 09:43:26', 'unknown', NULL, '2026-01-10 20:43:26', '2026-01-11 09:43:26', 0, 1, 'สินค้า: หลอดไฟ LED 11w Phi (100001) | ประเภท: ออก | จำนวน: 1 | สต็อกใหม่: 48', NULL),
(750, 'aon', '0', 100063, '2026-01-11 09:47:11', 'unknown', NULL, '2026-01-10 20:47:11', '2026-01-11 09:47:11', 0, 1, 'สินค้า: คีย์การ์ดใหม่ (100063) | ประเภท: ออก | จำนวน: 1 | สต็อกใหม่: 35', NULL),
(751, 'aon', '0', 100020, '2026-01-11 09:47:40', 'unknown', NULL, '2026-01-10 20:47:40', '2026-01-11 09:47:40', 0, 1, 'สินค้า: ก็อกโค้ง (100020) | ประเภท: ออก | จำนวน: 1 | สต็อกใหม่: 4', NULL),
(752, 'aon', '0', 100047, '2026-01-11 09:52:33', 'unknown', NULL, '2026-01-10 20:52:33', '2026-01-11 09:52:33', 0, 1, 'สินค้า: สายน้ำดี20นิ้ว (100047) | ประเภท: ออก | จำนวน: 1 | สต็อกใหม่: 4', NULL),
(753, 'aon', '0', 100018, '2026-01-11 09:56:43', 'unknown', NULL, '2026-01-10 20:56:43', '2026-01-11 09:56:43', 0, 1, 'สินค้า: ก็อกอ่างล้างหน้า (100018) | ประเภท: ออก | จำนวน: 1 | สต็อกใหม่: 17', NULL),
(754, 'aon', '0', 100018, '2026-01-11 09:57:09', 'unknown', NULL, '2026-01-10 20:57:09', '2026-01-11 09:57:09', 0, 1, 'สินค้า: ก็อกอ่างล้างหน้า (100018) | ประเภท: ออก | จำนวน: 1 | สต็อกใหม่: 16', NULL),
(755, 'aon', '0', 100047, '2026-01-11 09:57:35', 'unknown', NULL, '2026-01-10 20:57:35', '2026-01-11 09:57:35', 0, 1, 'สินค้า: สายน้ำดี20นิ้ว (100047) | ประเภท: ออก | จำนวน: 1 | สต็อกใหม่: 3', NULL),
(756, 'aon', '0', 100017, '2026-01-11 09:58:00', 'unknown', NULL, '2026-01-10 20:58:00', '2026-01-11 09:58:00', 0, 1, 'สินค้า: สายฉีดชำระ (100017) | ประเภท: ออก | จำนวน: 1 | สต็อกใหม่: 35', NULL),
(757, 'aon', '0', 100033, '2026-01-11 09:58:40', 'unknown', NULL, '2026-01-10 20:58:40', '2026-01-11 09:58:40', 0, 3, 'สินค้า: มินิวาล์ว เกลียวนอก 2 ด้าน (100033) | ประเภท: ออก | จำนวน: 3 | สต็อกใหม่: 4', NULL),
(758, 'aon', '0', 100032, '2026-01-11 09:59:39', 'unknown', NULL, '2026-01-10 20:59:39', '2026-01-11 09:59:39', 0, 3, 'สินค้า: นิปเปิ้ล 4 หุน เกลียวนอกเกลียวใน (100032) | ประเภท: ออก | จำนวน: 3 | สต็อกใหม่: 0', NULL),
(759, 'aon', '0', 100021, '2026-01-11 10:00:21', 'unknown', NULL, '2026-01-10 21:00:21', '2026-01-11 10:00:21', 0, 1, 'สินค้า: กระปุกน้ำทิ้งอ่างล้างหน้า (100021) | ประเภท: ออก | จำนวน: 1 | สต็อกใหม่: 3', NULL),
(760, 'aon', '0', 100049, '2026-01-11 10:00:53', 'unknown', NULL, '2026-01-10 21:00:53', '2026-01-11 10:00:53', 0, 1, 'สินค้า: สายน้ำดี24นิ้วชักโครก (100049) | ประเภท: ออก | จำนวน: 1 | สต็อกใหม่: 2', NULL),
(761, 'aon', '0', 100020, '2026-01-11 10:01:40', 'unknown', NULL, '2026-01-10 21:01:40', '2026-01-11 10:01:40', 0, 2, 'สินค้า: ก็อกโค้ง (100020) | ประเภท: รับเข้า | จำนวน: 2 | สต็อกใหม่: 2', NULL),
(762, 'aon', '0', 100020, '2026-01-11 10:03:39', 'unknown', NULL, '2026-01-10 21:03:39', '2026-01-11 10:03:39', 0, 2, 'สินค้า: ก็อกโค้ง (100020) | ประเภท: รับเข้า | จำนวน: 2 | สต็อกใหม่: 2', NULL),
(763, 'aon', '0', 100020, '2026-01-11 10:06:14', 'unknown', NULL, '2026-01-10 21:06:14', '2026-01-11 10:06:14', 0, 2, 'สินค้า: ก็อกโค้ง (100020) | ประเภท: รับเข้า | จำนวน: 2 | สต็อกใหม่: 2', NULL),
(764, 'aon', '0', 100020, '2026-01-11 10:06:23', 'unknown', NULL, '2026-01-10 21:06:23', '2026-01-11 10:06:23', 0, 2, 'สินค้า: ก็อกโค้ง (100020) | ประเภท: รับเข้า | จำนวน: 2 | สต็อกใหม่: 2', NULL),
(765, 'aon', '0', 100020, '2026-01-11 10:06:24', 'unknown', NULL, '2026-01-10 21:06:24', '2026-01-11 10:06:24', 0, 2, 'สินค้า: ก็อกโค้ง (100020) | ประเภท: รับเข้า | จำนวน: 2 | สต็อกใหม่: 2', NULL),
(766, 'aon', 'ล็อกอินเข้าสู่ระบบ', NULL, '2026-01-23 09:11:44', 'unknown', NULL, '2026-01-23 02:11:44', '2026-01-23 09:11:44', 0, 0, NULL, NULL),
(767, 'aon', 'รับเข้า', 100020, '2026-01-23 09:23:12', 'unknown', NULL, '2026-01-22 20:23:12', '2026-01-23 09:23:12', 0, 2, '', NULL),
(768, 'aon', 'ล็อกอินเข้าสู่ระบบ', NULL, '2026-01-23 09:37:09', 'unknown', NULL, '2026-01-23 02:37:09', '2026-01-23 09:37:09', 0, 0, NULL, NULL),
(769, 'aon', 'ล็อกอินเข้าสู่ระบบ', NULL, '2026-01-23 09:41:42', 'unknown', NULL, '2026-01-23 02:41:42', '2026-01-23 09:41:42', 0, 0, NULL, NULL),
(770, 'aon', '0', 100020, '2026-01-23 09:43:23', 'unknown', NULL, '2026-01-22 20:43:23', '2026-01-23 09:43:23', 0, 2, 'สินค้า: ก็อกโค้ง (100020) | ประเภท: รับเข้า | จำนวน: 2 | สต็อกใหม่: 2', NULL),
(771, 'aon', 'รับเข้า', 100020, '2026-01-23 09:46:56', 'unknown', NULL, '2026-01-22 20:46:56', '2026-01-23 09:46:56', 0, 2, '', NULL),
(772, 'aon', 'รับเข้า', 100020, '2026-01-23 09:50:21', 'unknown', NULL, '2026-01-22 20:50:21', '2026-01-23 09:50:21', 0, 2, '', NULL);

-- --------------------------------------------------------

--
-- Table structure for table `tbl_admin`
--

CREATE TABLE `tbl_admin` (
  `admin_id` int(11) NOT NULL,
  `username` varchar(100) NOT NULL,
  `password` varchar(255) NOT NULL
) ENGINE=InnoDB DEFAULT CHARSET=utf8 COLLATE=utf8_general_ci;

--
-- Dumping data for table `tbl_admin`
--

INSERT INTO `tbl_admin` (`admin_id`, `username`, `password`) VALUES
(2, 'admin', '$2y$10$fZgVG8WNvagVc/nq0uet0OgzJsWNYi5Z1MtrgazwekRukDa69zbji');

-- --------------------------------------------------------

--
-- Table structure for table `tbl_admin_log`
--

CREATE TABLE `tbl_admin_log` (
  `id` int(11) NOT NULL,
  `admin_username` varchar(50) NOT NULL,
  `action` text NOT NULL,
  `log_time` datetime DEFAULT current_timestamp()
) ENGINE=InnoDB DEFAULT CHARSET=utf8mb4 COLLATE=utf8mb4_general_ci;

-- --------------------------------------------------------

--
-- Table structure for table `tbl_categories`
--

CREATE TABLE `tbl_categories` (
  `cat_id` int(11) NOT NULL,
  `cat_name` varchar(255) NOT NULL,
  `cat_desc` text DEFAULT NULL
) ENGINE=InnoDB DEFAULT CHARSET=utf8mb4 COLLATE=utf8mb4_general_ci;

--
-- Dumping data for table `tbl_categories`
--

INSERT INTO `tbl_categories` (`cat_id`, `cat_name`, `cat_desc`) VALUES
(1, 'ฮาร์ดแวร์', 'หมวดผลิตภัณฑ์ฮาร์ดแวร์'),
(2, 'มิเตอร์น้ำ/ไฟ เบรกเกอร์', 'หมวดมิเตอร์น้ำ/ไฟและเบรกเกอร์'),
(3, 'อุปกรณ์ในห้องน้ำ', 'หมวดอุปกรณ์ในห้องน้ำ'),
(4, 'อุปกรณ์ มุ้งลวด/กระจก', 'หมวดอุปกรณ์สำหรับมุ้งลวดและกระจก'),
(5, 'ทีนอน', 'หมวดทีนอน'),
(6, 'สายน้ำดี/ท่อย่น', 'หมวดสายน้ำดีและท่อย่น'),
(7, 'ประตู/อะไหล่ประตู', 'หมวดประตูและอะไหล่ประตู'),
(8, 'อะไหล่ตู้เสื้อผ้า', 'หมวดอะไหล่สำหรับตู้เสื้อผ้า'),
(9, 'แอร์/อะไหล่แอร์', 'หมวดเครื่องปรับอากาศและอะไหล่แอร์'),
(10, 'หลอดไฟ/อะไหล่หลอดไฟ', 'หมวดหลอดไฟและอะไหล่หลอดไฟ'),
(11, 'เครื่องทำน้ำอุ่น/อะไหล่เครื่องทำน้ำอุ่น', 'หมวดเครื่องทำน้ำอุ่นและอะไหล่เครื่องทำน้ำอุ่น'),
(12, 'เครื่องใช้สำนักงาน', 'หมวดเครื่องใช้สำนักงาน');

-- --------------------------------------------------------

--
-- Table structure for table `tbl_products`
--

CREATE TABLE `tbl_products` (
  `p_id` int(11) NOT NULL,
  `type_name` varchar(100) DEFAULT NULL,
  `cat_id` int(11) DEFAULT NULL,
  `main_category` varchar(50) DEFAULT NULL,
  `p_name` varchar(255) NOT NULL,
  `p_unit` varchar(20) DEFAULT 'ชิ้น',
  `p_count` int(11) NOT NULL,
  `safety_stock` int(11) NOT NULL,
  `p_image` varchar(255) DEFAULT NULL,
  `active` tinyint(1) DEFAULT 1,
  `order_number` int(11) DEFAULT NULL,
  `created_at` datetime DEFAULT current_timestamp()
) ENGINE=InnoDB DEFAULT CHARSET=utf8 COLLATE=utf8_general_ci;

--
-- Dumping data for table `tbl_products`
--

INSERT INTO `tbl_products` (`p_id`, `type_name`, `cat_id`, `main_category`, `p_name`, `p_unit`, `p_count`, `safety_stock`, `p_image`, `active`, `order_number`, `created_at`) VALUES
(100001, 'หลอดไฟ LED 11w Phi', 10, 'หลอดไฟ/อะไหล่หลอดไฟ', 'หลอดไฟ LED 11w Phi', 'หลอด', 48, 0, 'หลอดไฟ LED 11w Phi.jpg', 1, NULL, '2025-05-31 17:01:48'),
(100002, 'หลอดนีออนสั้น 10 w', 10, 'หลอดไฟ/อะไหล่หลอดไฟ', 'หลอดนีออนสั้น 10 w', 'หลอด', 4, 0, 'หลอดนีออนสั้น 10 w.jpg', 1, NULL, '2025-05-31 17:01:48'),
(100003, 'หลอดไฟ 14 w', 10, 'หลอดไฟ/อะไหล่หลอดไฟ', 'หลอดไฟ 14 w', 'หลอด', 0, 0, 'หลอดไฟ 14 w.png', 1, NULL, '2025-05-31 17:01:48'),
(100004, 'หลอด30W', 10, 'หลอดไฟ/อะไหล่หลอดไฟ', 'หลอด30W', 'หลอด', 0, 0, 'หลอด30W.jpg', 1, NULL, '2025-05-31 17:01:48'),
(100005, 'หลอดไฟ 32 w', 10, 'หลอดไฟ/อะไหล่หลอดไฟ', 'หลอดไฟ 32 w', '0', 15, 0, 'หลอดไฟ 32 w.jpg', 1, NULL, '2025-05-31 17:01:48'),
(100006, 'หลอดนีออนยาว 36 w', 10, 'หลอดไฟ/อะไหล่หลอดไฟ', 'หลอดนีออนยาว 36 w', 'หลอด', 0, 0, 'หลอดนีออนยาว 36 w.jpg', 1, NULL, '2025-05-31 17:01:48'),
(100007, 'par120w', 10, 'หลอดไฟ/อะไหล่หลอดไฟ', 'par120w', 'หลอด', 3, 0, 'par120w.webp', 1, NULL, '2025-05-31 17:01:48'),
(100008, 'สตาร์ทเตอร์', 10, 'หลอดไฟ/อะไหล่หลอดไฟ', 'สตาร์ทเตอร์', 'อัน', 37, 0, 'สตาร์ทเตอร์.jpg', 1, NULL, '2025-05-31 17:01:48'),
(100009, 'บัลลาสต์ 20', 10, 'หลอดไฟ/อะไหล่หลอดไฟ', 'บัลลาสต์ 20', 'อัน', 4, 0, 'บัลลาสต์ 20 W.jpg', 1, NULL, '2025-05-31 17:01:48'),
(100010, 'บัลลาสต์ 32', 10, 'หลอดไฟ/อะไหล่หลอดไฟ', 'บัลลาสต์ 32', 'อัน', 12, 0, 'BTA-32W-PHILIPS.jpg', 1, NULL, '2025-05-31 17:01:48'),
(100011, 'บัลลาสต์ 40', 10, 'หลอดไฟ/อะไหล่หลอดไฟ', 'บัลลาสต์ 40', 'อัน', 0, 0, 'บัลลาสต์ 40W.jpg', 1, NULL, '2025-05-31 17:01:48'),
(100012, 'อะไหล่ขาล็อค', 10, 'หลอดไฟ/อะไหล่หลอดไฟ', 'อะไหล่ขาล็อคโคมเพดาน หน้าห้องน้ำ', 'อัน', 10, 0, 'อะไหล่ขาล็อคโคมเพดาน หน้าห้องน้ำ.jpg', 1, NULL, '2025-05-31 17:01:48'),
(100013, 'อะไหล่สี่สาย', 10, 'หลอดไฟ/อะไหล่หลอดไฟ', 'อะไหล่สี่สาย', 'อัน', 22, 0, 'อะไหล่สี่สาย.jpg', 1, NULL, '2025-05-31 17:01:48'),
(100014, 'ขาล็อคสตาร์ทเตอร์', 10, 'หลอดไฟ/อะไหล่หลอดไฟ', 'ขาล็อคสตาร์ทเตอร์', 'อัน', 19, 0, 'ขาล็อคสตาร์ทเตอร์.jpg', 1, NULL, '2025-05-31 17:01:48'),
(100015, 'ขาล็อคหลอดไฟ', 10, 'หลอดไฟ/อะไหล่หลอดไฟ', 'ขาล็อคหลอดไฟ', 'อัน', 37, 0, 'ขาล็อคหลอดไฟ.webp', 1, NULL, '2025-05-31 17:01:48'),
(100016, 'ฝักบัว', 3, 'อุปกรณ์ในห้องน้ำ', 'ฝักบัว', 'อัน', 10, 0, 'ฝักบัว.png', 1, NULL, '2025-05-31 17:01:48'),
(100017, 'สายฉีดชำระ', 3, 'อุปกรณ์ในห้องน้ำ', 'สายฉีดชำระ', 'อัน', 35, 0, 'สายฉีดชำระ.jpg', 1, NULL, '2025-05-31 17:01:48'),
(100018, 'ก็อกอ่างล้างหน้า', 3, 'อุปกรณ์ในห้องน้ำ', 'ก็อกอ่างล้างหน้า', 'อัน', 16, 0, 'ก็อกอ่างล้างหน้า.jpg', 1, NULL, '2025-05-31 17:01:48'),
(100019, 'ก็อกผนัง', 3, 'อุปกรณ์ในห้องน้ำ', 'ก็อกผนัง', 'อัน', 4, 0, 'ก็อกผนัง.jpg', 1, NULL, '2025-05-31 17:01:48'),
(100020, 'ก็อกโค้ง', 3, 'อุปกรณ์ในห้องน้ำ', 'ก็อกโค้ง', 'อัน', 6, 0, 'ก็อกโค้ง.jpg', 1, NULL, '2025-05-31 17:01:48'),
(100021, 'กระปุก', 3, 'อุปกรณ์ในห้องน้ำ', 'กระปุกน้ำทิ้งอ่างล้างหน้า', 'อัน', 3, 0, 'กระปุกน้ำทิ้งอ่างล้างหน้า.png', 1, NULL, '2025-05-31 17:01:48'),
(100022, 'ก้านชาร์ป 12 นิ้ว', 3, 'อุปกรณ์ในห้องน้ำ', 'ก้านชาร์ป 12 นิ้ว', 'อัน', 0, 0, 'ก้านชาร์ป 12 นิ้ว.webp', 1, NULL, '2025-05-31 17:01:48'),
(100023, 'สะดืออ่างโถปัสสาวะ', 3, 'อุปกรณ์ในห้องน้ำ', 'สะดืออ่างโถปัสสาวะ', 'อัน', 0, 0, 'สะดืออ่างโถปัสสาวะ.jpg', 1, NULL, '2025-05-31 17:01:48'),
(100024, 'สะดืออ่างล้างจาน', 3, 'อุปกรณ์ในห้องน้ำ', 'สะดืออ่างล้างจาน', 'อัน', 5, 0, 'สะดืออ่างล้างจาน.jpg', 1, NULL, '2025-05-31 17:01:48'),
(100025, 'สะดืออ่างล้างหน้า', 3, 'อุปกรณ์ในห้องน้ำ', 'สะดืออ่างล้างหน้า', 'อัน', 0, 0, 'สะดืออ่างล้างหน้า.jpg', 1, NULL, '2025-05-31 17:01:48'),
(100026, 'ลูกลอยชักโครก', 3, 'อุปกรณ์ในห้องน้ำ', 'ลูกลอยชักโครก', 'อัน', 1, 0, 'ลูกลอยชักโครก.jpg', 1, NULL, '2025-05-31 17:01:48'),
(100027, 'มิเตอร์น้ำ', 2, 'มิเตอร์น้ำ/ไฟ เบรกเกอร์', 'มิเตอร์น้ำ', 'อัน', 0, 0, 'มิเตอร์น้ำ.jpg', 1, NULL, '2025-05-31 17:01:48'),
(100028, 'ลูกบิดประตูห้องน้ำ', 3, 'อุปกรณ์ในห้องน้ำ', 'ลูกบิดประตูห้องน้ำ', 'อัน', 2, 0, 'ลูกบิดประตูห้องน้ำ.jpg', 1, NULL, '2025-05-31 17:01:48'),
(100029, 'ฟลอเดน', 3, 'อุปกรณ์ในห้องน้ำ', 'ฟลอเดน', 'อัน', 6, 0, 'ฟลอเดน.png', 1, NULL, '2025-05-31 17:01:48'),
(100030, 'ฝาอุดเกลียวใน', 3, 'อุปกรณ์ในห้องน้ำ', 'ฝาอุดเกลียวใน', 'อัน', 5, 0, 'ฝาอุดเกลียวใน.webp', 1, NULL, '2025-05-31 17:01:48'),
(100031, 'ฝาอุดเกลียวนอก', 3, 'อุปกรณ์ในห้องน้ำ', 'ฝาอุดเกลียวนอก', 'อัน', 9, 0, 'ฝาอุดเกลียวนอก.jpg', 1, NULL, '2025-05-31 17:01:48'),
(100032, 'นิปเปิ้ล 4 หุน เกลียวนอกเกลียวใน', 3, 'อุปกรณ์ในห้องน้ำ', 'นิปเปิ้ล 4 หุน เกลียวนอกเกลียวใน', 'อัน', 0, 0, 'นิปเปิ้ล 4 หุน เกลียวนอกเกลียวใน.jpg', 1, NULL, '2025-05-31 17:01:48'),
(100033, 'มินิวาล์ว เกลียวนอก 2 ด้าน', 3, 'อุปกรณ์ในห้องน้ำ', 'มินิวาล์ว เกลียวนอก 2 ด้าน', 'อัน', 4, 0, 'มินิวาล์ว เกลียวนอก 2 ด้าน.jpg', 1, NULL, '2025-05-31 17:01:48'),
(100035, 'ประตูหน้าห้อง', 7, 'ประตู/อะไหล่ประตู', 'ประตูหน้าห้อง', 'บาน', 2, 0, 'ประตูหน้าห้อง.webp', 1, NULL, '2025-05-31 17:01:48'),
(100036, 'ตาแมว', 7, 'ประตู/อะไหล่ประตู', 'ตาแมว', 'อัน', 6, 0, 'ตาแมว.jpg', 1, NULL, '2025-05-31 17:01:48'),
(100037, 'ที่นอน5ฟุต', 5, 'ทีนอน', 'ที่นอน5ฟุต', 'ลูก', 2, 0, 'พีอีฟองอัด-2024.jpg.webp', 1, NULL, '2025-05-31 17:01:48'),
(100038, 'ที่นอน3.5ฟุต', 5, 'ทีนอน', 'ที่นอน3.5ฟุต', 'ลูก', 9, 0, 'พีอีฟองอัด-2024.jpg.webp', 1, NULL, '2025-05-31 17:01:48'),
(100039, 'บานพับประตูห้องน้ำ', 3, 'อุปกรณ์ในห้องน้ำ', 'บานพับประตูห้องน้ำ', 'บาน', 0, 0, 'บานพับประตูห้องน้ำ.jpg', 1, NULL, '2025-05-31 17:01:48'),
(100040, 'ล้อมุ้งลวด', 4, 'อุปกรณ์ มุ้งลวด/กระจก', 'ล้อมุ้งลวด', 'ล้อ', 34, 0, 'ล้อมุ้งลวด.jpg', 1, NULL, '2025-05-31 17:01:48'),
(100041, 'มุมม้วงลวด', 4, 'อุปกรณ์ มุ้งลวด/กระจก', 'มุมม้วงลวด', 'มุม', 11, 0, 'มุมม้วงลวด.jpg', 1, NULL, '2025-05-31 17:01:48'),
(100042, 'มือจับมุ้งลวด', 4, 'อุปกรณ์ มุ้งลวด/กระจก', 'มือจับมุ้งลวด', 'อัน', 3, 0, 'มือจับมุ้งลวด.jpg', 1, NULL, '2025-05-31 17:01:48'),
(100043, 'แม่เหล็กใหญ่', 8, 'อะไหล่ตู้เสื้อผ้า', 'แม่เหล็กใหญ่', 'อัน', 1, 0, 'แม่เหล็กใหญ่.webp', 1, NULL, '2025-05-31 17:01:48'),
(100044, 'แม่เหล็กเล็ก', 8, 'อะไหล่ตู้เสื้อผ้า', 'แม่เหล็กเล็ก', 'อัน', 16, 0, 'แม่เหล็กเล็ก.webp', 1, NULL, '2025-05-31 17:01:48'),
(100045, 'กลอน', 8, 'อะไหล่ตู้เสื้อผ้า', 'กลอนล็อกมุ้งลวด', 'อัน', 10, 0, 'กลอน ล็อกมุ้งลวด.webp', 1, NULL, '2025-05-31 17:01:48'),
(100046, 'สายน้ำดี18นิ้ว', 6, 'สายน้ำดี/ท่อย่น', 'สายน้ำดี18นิ้ว', 'เส้น', 8, 0, 'สายน้ำดี18นิ้ว.jpg', 1, NULL, '2025-05-31 17:01:48'),
(100047, 'สายน้ำดี20นิ้ว', 6, 'สายน้ำดี/ท่อย่น', 'สายน้ำดี20นิ้ว', 'เส้น', 3, 0, 'สายน้ำดี20นิ้ว.jpg', 1, NULL, '2025-05-31 17:01:48'),
(100048, 'สายน้ำดี24นิ้ว', 6, 'สายน้ำดี/ท่อย่น', 'สายน้ำดี24นิ้ว', 'เส้น', 5, 0, 'สายน้ำดี24นิ้ว.jpg', 1, NULL, '2025-05-31 17:01:48'),
(100049, 'สายน้ำดี24นิ้วชักโครก', 6, 'สายน้ำดี/ท่อย่น', 'สายน้ำดี24นิ้วชักโครก', '0', 2, 0, 'สายน้ำดี24นิ้วชักโครก.jpg', 1, NULL, '2025-05-31 17:01:48'),
(100050, 'สายน้ำดี32นิ้ว', 6, 'สายน้ำดี/ท่อย่น', 'สายน้ำดี32นิ้ว', 'เส้น', 4, 0, 'สายน้ำดี32นิ้ว.webp', 1, NULL, '2025-05-31 17:01:48'),
(100051, 'สายน้ำดี1เมตร', 6, 'สายน้ำดี/ท่อย่น', 'สายน้ำดี1เมตร', 'เส้น', 4, 0, 'สายน้ำดี1เมตร.jpg', 1, NULL, '2025-05-31 17:01:48'),
(100052, 'ท่อย่นเล็ก', 6, 'สายน้ำดี/ท่อย่น', 'ท่อย่นเล็ก', 'เส้น', 10, 0, 'ท่อย่นเล็ก.jpg', 1, NULL, '2025-05-31 17:01:48'),
(100053, 'ท่อย่นใหญ่', 6, 'สายน้ำดี/ท่อย่น', 'ท่อย่นใหญ่', 'เส้น', 17, 0, 'ท่อย่นใหญ่.jpg', 1, NULL, '2025-05-31 17:01:48'),
(100054, 'แผง PCB ประตู', 7, 'ประตู/อะไหล่ประตู', 'แผง PCB ประตู', 'อัน', 0, 0, 'แผง PCB ประตู.jpg', 1, NULL, '2025-05-31 17:01:48'),
(100055, 'รางถ่านประตู', 7, 'ประตู/อะไหล่ประตู', 'รางถ่านประตู', 'ราง', 0, 0, 'รางถ่านประตู.png', 1, NULL, '2025-05-31 17:01:48'),
(100056, 'โมทีฟประตูLH', 7, 'ประตู/อะไหล่ประตู', 'โมทีฟประตูLH', 'ข้าง', 0, 0, 'โมทีฟประตูLH.jpg', 1, NULL, '2025-05-31 17:01:48'),
(100057, 'โมทีฟประตูRH', 7, 'ประตู/อะไหล่ประตู', 'โมทีฟประตูRH', 'ข้าง', 0, 0, 'โมทีฟประตูRH.webp', 1, NULL, '2025-05-31 17:01:48'),
(100058, 'รังผึ้งแอร์', 9, 'แอร์/อะไหล่แอร์', 'รังผึ้งแอร์', 'อัน', 0, 0, 'รังผึ้งแอร์.jpg', 1, NULL, '2025-05-31 17:01:48'),
(100059, 'มอเตอร์แอร์', 9, 'แอร์/อะไหล่แอร์', 'มอเตอร์แอร์', 'อัน', 0, 0, 'มอเตอร์แอร์.jpg', 1, NULL, '2025-05-31 17:01:48'),
(100060, 'แผงPCBรับสัญญาณรีโมทแอร์', 9, 'แอร์/อะไหล่แอร์', 'แผงPCBรับสัญญาณรีโมทแอร์', 'อัน', 0, 0, 'แผงPCBรับสัญญาณรีโมทแอร์.jpg', 1, NULL, '2025-05-31 17:01:48'),
(100061, 'แผงPCB แอร์ใหญ่', 9, 'แอร์/อะไหล่แอร์', 'แผงPCB แอร์ใหญ่', 'อัน', 0, 0, 'แผงPCB แอร์ใหญ่.jpg', 1, NULL, '2025-05-31 17:01:48'),
(100062, 'ประตูห้องน้ำ', 3, 'อุปกรณ์ในห้องน้ำ', 'ประตูห้องน้ำ', 'บาน', 1, 0, 'ประตูห้องน้ำ.webp', 1, NULL, '2025-05-31 17:01:48'),
(100063, 'คีย์การ์ดใหม่', 7, 'ประตู/อะไหล่ประตู', 'คีย์การ์ดใหม่', 'ใบ', 35, 0, '1751957311734.jpg', 1, NULL, '2025-05-31 17:01:48'),
(100064, 'คีย์การ์ดโปร', 7, 'ประตู/อะไหล่ประตู', 'คีย์การ์ดโปร', 'ใบ', 27, 0, '1751957311734.jpg', 1, NULL, '2025-05-31 17:01:48'),
(100065, 'เครื่องทำน้ำอุ่น Torbora Model P-3500', 11, 'เครื่องทำน้ำอุ่น/อะไหล่เครื่องทำน้ำอุ่น', 'เครื่องทำน้ำอุ่น Torbora Model P-3500', 'เครื่อง', 10, 0, 'Torbora Model P-3500.webp', 1, NULL, '2025-05-31 17:01:48'),
(100066, 'โทรศัพท์ Fujitel รุ่น FT-411', 12, 'เครื่องใช้สำนักงาน', 'โทรศัพท์ Fujitel รุ่น FT-411', 'เครื่อง', 5, 0, 'โทรศัพท์ Fujitel รุ่น FT-411.jpg', 1, NULL, '2025-05-31 17:01:48'),
(100067, 'แม่เหล็กเครื่องทำน้ำอุ่น', 11, 'เครื่องทำน้ำอุ่น/อะไหล่เครื่องทำน้ำอุ่น', 'แม่เหล็กเครื่องทำน้ำอุ่น', 'ตัว', 1, 0, 'แม่เหล็กเครื่องทำน้ำอุ่น.jpg', 1, NULL, '2025-05-31 17:01:48'),
(100068, 'ฝาชักโครก', 3, 'อุปกรณ์ในห้องน้ำ', 'ฝาชักโครก', 'ฝา', 3, 0, 'ฝาชักโครก.jpg', 1, NULL, '2025-05-31 17:01:48'),
(100069, 'กล้องวงจรปิด', 12, 'เครื่องใช้สำนักงาน', 'กล้องวงจรปิด', 'ตัว', 2, 0, 'กล้องวงจรปิด.webp', 1, NULL, '2025-05-31 17:01:48'),
(100070, 'อะแดปเตอร์กล้อง', 12, 'เครื่องใช้สำนักงาน', 'อะแดปเตอร์กล้อง', 'ตัว', 3, 0, 'อะแดปเตอร์กล้อง.jpg', 1, NULL, '2025-05-31 17:01:48'),
(100071, 'มิเตอร์ไฟ', 2, 'มิเตอร์น้ำ/ไฟ เบรกเกอร์', 'มิเตอร์ไฟ', 'ตัว', 0, 0, 'มิเตอร์ไฟ.jpg', 1, NULL, '2025-05-31 17:01:48'),
(100072, 'รีโมทแอร์ใหม่', 9, 'แอร์/อะไหล่แอร์', 'รีโมทแอร์ fujisu', 'อัน', 0, 0, 'รีโมทแอร์ fujisu.jpg', 1, NULL, '2025-05-31 17:01:48'),
(100073, 'รีโมทแอร์เก่าที่ซ่อม', 9, 'แอร์/อะไหล่แอร์', 'รีโมทแอร์เก่าที่ซ่อม', 'อัน', 0, 0, 'รีโมทแอร์ fujisu.jpg', 1, NULL, '2025-05-31 17:01:48'),
(100074, 'สวิตซ์ทางเดียว WEG5001K Panasonic', 10, 'หลอดไฟ/อะไหล่หลอดไฟ', 'สวิตซ์ทางเดียว WEG5001K Panasonic', 'ตัว', 1, 0, 'สวิตซ์ทางเดียว WEG5001K Panasonic.jpg', 1, NULL, '2025-05-31 17:01:48'),
(100075, 'นิปเปิ้ล 4หุนเกลียวนอก 2 ด้าน', 3, 'อุปกรณ์ในห้องน้ำ', 'นิปเปิ้ล 4หุนเกลียวนอก 2 ด้าน', 'อัน', 7, 0, 'นิปเปิ้ล 4หุนเกลียวนอก 2 ด้าน.jpg', 1, NULL, '2025-05-31 17:01:48'),
(100076, 'มินิวาล์วเกลียวนอกเกลียวใน', 3, 'อุปกรณ์ในห้องน้ำ', 'มินิวาล์วเกลียวนอกเกลียวใน', 'อัน', 10, 0, 'มินิวาล์วเกลียวนอกเกลียวใน.jpg', 1, NULL, '2025-05-31 17:01:48'),
(100077, 'เทปพันเกลียว', 1, 'ฮาร์ดแวร์', 'เทปพันเกลียว', 'ม้วน', 6, 0, 'เทปพันเกลียว.webp', 1, NULL, '2025-05-31 17:01:48'),
(100078, 'เทปพันสายไฟ', 1, 'ฮาร์ดแวร์', 'เทปพันสายไฟ', 'ม้วน', 6, 0, 'เทปพันสายไฟ.jpg', 1, NULL, '2025-05-31 17:01:48'),
(100079, 'กาวร้อน', 1, 'ฮาร์ดแวร์', 'กาวร้อน', 'ขวด', 0, 0, 'กาวร้อน.webp', 1, NULL, '2025-05-31 17:01:48'),
(100080, 'ซิลิโคนใส', 1, 'ฮาร์ดแวร์', 'ซิลิโคนใส', 'หลอด', 1, 0, 'ซิลิโคนใส.jpg', 1, NULL, '2025-05-31 17:01:48'),
(100081, 'ซิลิโคนขาว', 1, 'ฮาร์ดแวร์', 'ซิลิโคนขาว', 'หลอด', 1, 0, 'ซิลิโคนขุ่น.jpg', 1, NULL, '2025-05-31 17:01:48'),
(100082, 'แปรงทาสี 7 นิ้ว', 1, 'ฮาร์ดแวร์', 'แปรงทาสี 7 นิ้ว', 'อัน', 2, 0, 'แปรงทาสี 7 นิ้ว.jpg', 1, NULL, '2025-05-31 17:01:48'),
(100083, 'สายน้ำดี 16 นิ้ว', 6, 'สายน้ำดี/ท่อย่น', 'สายน้ำดี 16 นิ้ว', 'เส้น', 0, 0, 'สายน้ำดี 16 นิ้ว.jpg', 1, NULL, '2025-05-31 17:01:48'),
(100084, 'ชักโครก', 3, 'อุปกรณ์ในห้องน้ำ', 'ชักโครก', 'ชุด', 1, 0, 'ชักโครก.webp', 1, NULL, '2025-05-31 17:01:48'),
(100085, 'รีดสวิตซ์', 11, 'เครื่องทำน้ำอุ่น/อะไหล่เครื่องทำน้ำอุ่น', 'รีดสวิตซ์', 'ตัว', 7, 0, 'รีดสวิตซ์.jpg', 1, NULL, '2025-05-31 17:01:48'),
(100086, 'กริ่งไฟฟ้าไร้สาย', 12, 'เครื่องใช้สำนักงาน', 'กริ่งไฟฟ้าไร้สาย', 'ชุด', 0, 0, 'กริ่งไฟฟ้าไร้สาย.jpg', 1, NULL, '2025-05-31 17:01:48'),
(100087, 'ก้านชาร์ป 14 นิ้ว', 3, 'อุปกรณ์ในห้องน้ำ', 'ก้านชาร์ป 14 นิ้ว', 'อัน', 6, 0, 'ก้านชาร์ป 14 นิ้ว.jpg', 1, NULL, '2025-05-31 17:01:48'),
(100088, 'เกย์วัดลม', 11, 'เครื่องทำน้ำอุ่น/อะไหล่เครื่องทำน้ำอุ่น', 'เกย์วัดลม', 'ตัว', 0, 0, 'เกย์วัดลม.webp', 1, NULL, '2025-05-31 17:01:48'),
(100089, 'หลอด LED#170198-20W-6500K Moudle-Round', 10, 'หลอดไฟ/อะไหล่หลอดไฟ', 'หลอด LED#170198-20W-6500K Moudle-Round', 'หลอด', 20, 0, 'หลอด LED 170198-20W-6500K Moudle-Round.jpg', 1, NULL, '2025-05-31 17:01:48'),
(100090, 'ไฟกิ่งใน', 12, 'เครื่องใช้สำนักงาน', 'ไฟกิ่งใน', 'ชุด', 0, 0, 'ไฟกิ่ง.jpg', 1, NULL, '2025-05-31 17:01:48'),
(100091, 'เบรกเกอร์ 1P 32A Square D', 2, 'มิเตอร์น้ำ/ไฟ เบรกเกอร์', 'เบรกเกอร์ 1P 32A Square D', 'ตัว', 0, 0, 'เบรกเกอร์ 1P 32A Square D.webp', 1, NULL, '2025-05-31 17:01:48'),
(100092, 'เบรกเกอร์ 2P 32A Square D', 2, 'มิเตอร์น้ำ/ไฟ เบรกเกอร์', 'เบรกเกอร์ 2P 32A Square D', 'ลูก', 0, 0, 'เบรกเกอร์ 2P 32A Square D.webp', 1, NULL, '2025-05-31 17:01:48'),
(100093, 'ก๊อกกุญแจ sunwa แถมกุญแจ', 3, 'อุปกรณ์ในห้องน้ำ', 'ก๊อกกุญแจ sunwa แถมกุญแจ', 'อัน', 0, 0, 'ก๊อกกุญแจ sunwa แถมกุญแจ.jpg', 1, NULL, '2025-05-31 17:01:48'),
(100094, 'หลอดไฟ WL-Bulb 12 วัตต์ E27 แสงขาว', 10, 'หลอดไฟ/อะไหล่หลอดไฟ', 'หลอดไฟ WL-Bulb 12 วัตต์ E27 แสงขาว', 'หลอด', 0, 0, 'หลอดไฟ WL-Bulb 12 วัตต์ E27 แสงขาว.jpg', 1, NULL, '2025-05-31 17:01:48'),
(100095, 'ปริ้นเตอร์ EPSON L3150+Ink Tank X5HL263819', 12, 'เครื่องใช้สำนักงาน', 'ปริ้นเตอร์ EPSON L3150+Ink Tank X5HL263819', 'เครื่อง', 0, 0, 'ปริ้นเตอร์ EPSON L3150.jpg', 1, NULL, '2025-05-31 17:01:48'),
(100096, 'แบตตอรี่ UPS 5.5Ah 12V', 12, 'เครื่องใช้สำนักงาน', 'แบตเตอรี่ UPS 5.5Ah 12V', 'ตัว', 0, 0, 'แบตตอรี่ UPS 5.5Ah 12V.webp', 1, NULL, '2025-05-31 17:01:48'),
(100097, 'UPS APC 14000VA BX14000U-MS', 12, 'เครื่องใช้สำนักงาน', 'UPS APC 14000VA BX14000U-MS', 'เครื่อง', 0, 0, 'UPS APC 14000VA BX14000U-MS.webp', 1, NULL, '2025-05-31 17:01:48'),
(100098, 'USB HUB 4P V.3.0 Magic Tech (MT-29) Black', 12, 'เครื่องใช้สำนักงาน', 'USB HUB 4P V.3.0 Magic Tech (MT-29) Black', 'ชุด', 2, 0, 'USB HUB 4P V.3.0 Magic Tech (MT-29) Black.jpg', 1, NULL, '2025-05-31 17:01:48'),
(100099, 'WL-Bulb GQ SERIES 9 วัตต์ E27 แสงขาว(เวลลักซ์)', 10, 'หลอดไฟ/อะไหล่หลอดไฟ', 'WL-Bulb GQ SERIES 9 วัตต์ E27 แสงขาว(เวลลักซ์)', 'หลอด', 0, 0, 'WL-Bulb GQ SERIES 9 วัตต์ E27 แสงขาว(เวลลักซ์).jpg', 1, NULL, '2025-05-31 17:01:48'),
(100100, 'WL-หลอดนีออนกลม Magnet 32 วัตต์ แสงขาว', 10, 'หลอดไฟ/อะไหล่หลอดไฟ', 'WL-หลอดนีออนกลม Magnet 32 วัตต์ แสงขาว', 'อัน', 0, 0, 'WL-หลอดนีออนกลม Magnet 32 วัตต์ แสงขาว.jpg', 1, NULL, '2025-05-31 17:01:48'),
(100101, 'ล้อประตูบานเลื่อน รหัส 300 D', 4, 'อุปกรณ์ มุ้งลวด/กระจก', 'ล้อประตูบานเลื่อน รหัส 300 D', 'ล้อ', 0, 0, 'ล้อประตูบานเลื่อน รหัส 300 D.jpg', 1, NULL, '2025-05-31 17:01:48'),
(100102, 'ถุงขยะ', 1, 'ฮาร์ดแวร์', 'ถุงขยะ', 'กิโล', 10, 0, 'ถุงขยะ.jpg', 1, NULL, '2025-05-31 17:01:48'),
(100103, 'หลอดไฟ LED 9W PHILIPS', 10, 'หลอดไฟ/อะไหล่หลอดไฟ', 'หลอดไฟ LED 9W PHILIPS', 'หลอด', 0, 0, 'หลอดไฟ LED 9W PHILIPS.jpg', 1, NULL, '2025-05-31 17:01:48'),
(100104, 'เครื่องปรับอากาศแคเรียร์ 24000 btu', 9, 'แอร์/อะไหล่แอร์', 'เครื่องปรับอากาศแคเรียร์ 24000 btu', 'เครื่อง', 0, 0, 'เครื่องปรับอากาศแคเรียร์ 24000 btu.webp', 1, NULL, '2025-05-31 17:01:48'),
(100105, 'เครื่องปรับอากาศแคเรียร์ 18000 btu', 9, 'แอร์/อะไหล่แอร์', 'เครื่องปรับอากาศแคเรียร์ 18000 btu', 'เครื่อง', 5, 0, 'เครื่องปรับอากาศแคเรียร์ 24000 btu.webp', 1, NULL, '2025-05-31 17:01:48'),
(100106, '', 10, NULL, 'ราง LED T8#LED-T8-120CM', 'ชิ้น', 2, 0, '', 1, NULL, '2025-09-30 15:15:32'),
(100107, '', 10, NULL, 'LED T8 HL-12-2005-18W 6500K (HIET)', 'หลอด', 15, 0, '', 1, 100107, '2025-09-30 15:18:52'),
(100269, '', 5, NULL, 'Test', 'ชิ้น', 5, 0, '', 0, NULL, '2025-07-16 16:28:31'),
(100272, '', 5, NULL, 'test2', 'ชิ้น', 20, 1, '', 0, NULL, '2025-11-18 15:05:27');

-- --------------------------------------------------------

--
-- Table structure for table `tbl_product_movements`
--

CREATE TABLE `tbl_product_movements` (
  `movement_id` int(11) NOT NULL,
  `p_id` int(11) NOT NULL,
  `username` varchar(100) NOT NULL,
  `movement_type` varchar(50) NOT NULL,
  `quantity` int(11) NOT NULL,
  `remarks` text DEFAULT NULL,
  `movement_time` datetime NOT NULL
) ENGINE=InnoDB DEFAULT CHARSET=utf8mb4 COLLATE=utf8mb4_general_ci;

--
-- Dumping data for table `tbl_product_movements`
--

INSERT INTO `tbl_product_movements` (`movement_id`, `p_id`, `username`, `movement_type`, `quantity`, `remarks`, `movement_time`) VALUES
(2, 100024, 'aon', 'ใช้ไป', 1, 'ห้องซ่อม 1614', '2025-06-06 00:00:00'),
(3, 100020, 'aon', 'ใช้ไป', 1, 'ห้องซ่อม 1614', '2025-06-06 00:00:00'),
(4, 100053, 'aon', 'ใช้ไป', 1, 'ห้องซ่อม 1614', '2025-06-06 00:00:00'),
(5, 100001, 'aon', 'ใช้ไป', 1, 'ส่วนกลางหน้าห้อง 1211', '2025-06-07 00:00:00'),
(6, 100071, 'aon', 'ใช้ไป', 1, 'ห้อง 1508', '2025-06-09 00:00:00'),
(7, 100071, 'aon', 'รับเข้า', 5, 'ซื้อใหม่', '2025-06-09 00:00:00'),
(8, 100071, 'aon', 'ใช้ไป', 1, '1512', '2025-06-09 00:00:00'),
(9, 100072, 'aon', 'ใช้ไป', 5, '1610 (16/9/67) 1721 (27/9/67)1603 1408 (10/6/68)1614 (12/6/68)', '2025-06-12 00:00:00'),
(10, 100065, 'aon', 'ใช้ไป', 1, 'MP2 ยืม (13/5/68)', '2025-06-12 00:00:00'),
(11, 100053, 'aon', 'ใช้ไป', 1, 'ห้องซ่อม 1410', '2025-06-10 00:00:00'),
(12, 100033, 'aon', 'ใช้ไป', 1, 'ห้องซ่อม 1621', '2025-06-10 00:00:00'),
(13, 100017, 'aon', 'ใช้ไป', 1, 'ห้องซ่อม 1410', '2025-06-12 00:00:00'),
(14, 100024, 'aon', 'ใช้ไป', 1, 'ห้องซ่อม 1410', '2025-06-12 00:00:00'),
(15, 100033, 'aon', 'ใช้ไป', 1, 'ห้องซ่อม 1410', '2025-06-13 00:00:00'),
(16, 100079, 'aon', 'ใช้ไป', 3, 'ห้องซ่อม 1410\r\n\r\n', '2025-06-13 00:00:00'),
(17, 100006, 'aon', 'ใช้ไป', 1, 'ลานจอดรถ', '2025-06-13 00:00:00'),
(18, 100001, 'aon', 'ใช้ไป', 1, 'ส่วนกลางหน้าลิฟท์ขวาชั้น 7', '2025-06-13 00:00:00'),
(19, 100001, 'aon', 'ใช้ไป', 2, 'ส่วนกลางหน้าลิฟท์ขวาชั้น4/หน้าห้อง 1410', '2025-06-15 00:00:00'),
(20, 100001, 'aon', 'ใช้ไป', 1, 'ห้อง 1320', '2025-06-14 00:00:00'),
(21, 100089, 'aon', 'ใช้ไป', 1, 'ทางหนีไฟชั้น 3', '2025-06-14 00:00:00'),
(22, 100024, 'aon', 'ใช้ไป', 1, 'ห้องซ่อม 1220', '2025-06-16 00:00:00'),
(23, 100001, 'aon', 'ใช้ไป', 1, 'ห้องซ่อม 1220', '2025-06-16 00:00:00'),
(24, 100053, 'aon', 'ใช้ไป', 1, 'ห้องซ่อม 1220', '2025-06-16 00:00:00'),
(25, 100068, 'aon', 'รับเข้า', 5, '', '2025-06-16 00:00:00'),
(26, 100068, 'aon', 'ใช้ไป', 1, '1220', '2025-06-16 00:00:00'),
(27, 100020, 'aon', 'ใช้ไป', 1, '1220', '2025-06-16 00:00:00'),
(28, 100017, 'aon', 'ใช้ไป', 1, '1220', '2025-06-16 00:00:00'),
(29, 100016, 'aon', 'ใช้ไป', 1, '1220', '2025-06-16 00:00:00'),
(30, 100018, 'aon', 'ใช้ไป', 1, '1220', '2025-06-16 00:00:00'),
(31, 100063, 'aon', 'ใช้ไป', 15, '', '2025-06-16 00:00:00'),
(32, 100001, 'aon', 'ใช้ไป', 1, 'โต๊ะน้องพนักงาน', '2025-06-17 00:00:00'),
(33, 100020, 'aon', 'ใช้ไป', 1, '1801', '2025-06-17 00:00:00'),
(34, 100024, 'aon', 'ใช้ไป', 1, '1801', '2025-06-17 00:00:00'),
(35, 100048, 'aon', 'ใช้ไป', 1, '1801', '2025-06-17 00:00:00'),
(36, 100105, 'aon', 'ใช้ไป', 1, '1602', '2025-06-18 00:00:00'),
(37, 100001, 'aon', 'ใช้ไป', 1, '1411', '2025-06-17 00:00:00'),
(38, 100105, 'aon', 'ใช้ไป', 1, '1317', '2025-06-18 00:00:00'),
(39, 100017, 'aon', 'รับเข้า', 10, 'อินเตอร์', '2025-06-18 00:00:00'),
(40, 100018, 'aon', 'รับเข้า', 10, 'อินเตอร์', '2025-06-18 00:00:00'),
(41, 100053, 'aon', 'รับเข้า', 5, 'ปรีชาซัพพลาย', '2025-06-12 00:00:00'),
(42, 100020, 'aon', 'รับเข้า', 2, 'ร้านปรีชาซัพพลาย', '2025-06-12 00:00:00'),
(43, 100019, 'aon', 'รับเข้า', 5, 'ร้านปรีชาซัพพลาย', '2025-06-12 00:00:00'),
(44, 100049, 'aon', 'รับเข้า', 3, 'ร้านปรีชาซัพพลาย', '2025-06-12 00:00:00'),
(45, 100049, 'aon', 'ใช้ไป', 1, '1621', '2025-06-10 00:00:00'),
(46, 100047, 'aon', 'รับเข้า', 3, 'ร้านปรีชาซัพพลาย', '2025-06-12 00:00:00'),
(47, 100079, 'aon', 'รับเข้า', 3, 'ร้านปรีชาซัพพลาย', '2025-06-12 00:00:00'),
(48, 100080, 'aon', 'รับเข้า', 2, 'ร้านปรีชาซัพพลาย', '2025-06-12 00:00:00'),
(49, 100080, 'aon', 'ใช้ไป', 1, 'คืน MP7', '2025-06-12 00:00:00'),
(50, 100001, 'aon', 'ใช้ไป', 4, 'ส่วนกลางหน้าห้อง 1810 1710 1614 หน้าลิฟท์ซ้ายชั้น 7', '2025-06-20 00:00:00'),
(51, 100052, 'aon', 'ใช้ไป', 1, '1601', '2025-06-20 00:00:00'),
(52, 100024, 'aon', 'ใช้ไป', 1, '1207', '2025-06-21 00:00:00'),
(53, 100053, 'aon', 'ใช้ไป', 1, '1207', '2025-06-21 00:00:00'),
(54, 100047, 'aon', 'ใช้ไป', 1, '1207', '2025-06-21 00:00:00'),
(55, 100020, 'aon', 'ใช้ไป', 1, '1207', '2025-06-21 00:00:00'),
(56, 100033, 'aon', 'ใช้ไป', 1, '1602', '2025-06-22 00:00:00'),
(57, 100032, 'aon', 'ใช้ไป', 1, '1602', '2025-06-22 00:00:00'),
(58, 100005, 'aon', 'ใช้ไป', 1, '1314', '2025-06-22 00:00:00'),
(59, 100017, 'aon', 'ใช้ไป', 1, '1314', '2025-06-22 00:00:00'),
(60, 100068, 'aon', 'ใช้ไป', 1, '1314', '2025-06-22 00:00:00'),
(61, 100047, 'aon', 'ใช้ไป', 1, '1602', '2025-06-22 00:00:00'),
(62, 100021, 'aon', 'ใช้ไป', 1, '1817', '2025-06-23 00:00:00'),
(63, 100063, 'aon', 'ใช้ไป', 2, '1817 1315', '2025-06-23 00:00:00'),
(64, 100071, 'aon', 'ใช้ไป', 1, '1504', '2025-06-23 00:00:00'),
(65, 100063, 'aon', 'ใช้ไป', 4, '1410 1504 1517 1814', '2025-06-24 00:00:00'),
(66, 100001, 'aon', 'ใช้ไป', 8, 'หน้าห้อง 1704 1609 1504 1218 1319 ชั้น 7 หน้ากล้องส่องลิฟท์ หน้าลิฟท์หลอดกลางชั้น 4 /ชั้น 2', '2025-06-25 00:00:00'),
(67, 100005, 'aon', 'ใช้ไป', 1, '1512', '2025-06-25 00:00:00'),
(68, 100017, 'aon', 'ใช้ไป', 1, '1315', '2025-06-25 00:00:00'),
(69, 100001, 'aon', 'ใช้ไป', 2, 'หน้าลิฟท์ซ้ายชั้น6 หน้าห้อง 1603', '2025-06-26 00:00:00'),
(70, 100016, 'aon', 'ใช้ไป', 1, '1207', '2025-06-26 00:00:00'),
(71, 100068, 'aon', 'ใช้ไป', 1, '1207', '2025-06-26 00:00:00'),
(72, 100087, 'aon', 'ใช้ไป', 1, '1811', '2025-06-27 00:00:00'),
(73, 100048, 'aon', 'ใช้ไป', 1, '1811', '2025-06-27 00:00:00'),
(74, 100018, 'aon', 'ใช้ไป', 1, '1811', '2025-06-27 00:00:00'),
(75, 100021, 'aon', 'ใช้ไป', 1, '1811', '2025-06-27 00:00:00'),
(76, 100001, 'aon', 'ใช้ไป', 1, 'หน้าลิฟท์ชั้น 1 ซ้าย', '2025-06-27 00:00:00'),
(77, 100017, 'aon', 'ใช้ไป', 1, '1408', '2025-06-27 00:00:00'),
(78, 100063, 'aon', 'ใช้ไป', 1, '1714', '2025-06-27 00:00:00'),
(79, 100049, 'aon', 'ใช้ไป', 1, '1504', '2025-06-28 00:00:00'),
(80, 100033, 'aon', 'ใช้ไป', 1, '1504', '2025-06-30 00:00:00'),
(81, 100032, 'aon', 'ใช้ไป', 2, '1504', '2025-06-28 00:00:00'),
(82, 100077, 'aon', 'ใช้ไป', 1, '1504', '2025-06-28 00:00:00'),
(83, 100017, 'aon', 'ใช้ไป', 1, '1811', '2025-06-28 00:00:00'),
(84, 100063, 'aon', 'ใช้ไป', 1, '1316', '2025-06-28 00:00:00'),
(85, 100001, 'aon', 'ใช้ไป', 1, 'หน้าห้อง 1310', '2025-06-30 00:00:00'),
(86, 100001, 'aon', 'ใช้ไป', 1, '1521', '2025-07-02 00:00:00'),
(87, 100001, 'aon', 'ใช้ไป', 4, 'ส่วนกลางหน้าห้อง 1618 1402 1521 /หน้าลิฟท์หลอดกลาง', '2025-07-02 00:00:00'),
(88, 100033, 'aon', 'ใช้ไป', 1, '1815', '2025-07-03 00:00:00'),
(89, 100049, 'aon', 'ใช้ไป', 1, '1815', '2025-07-03 00:00:00'),
(90, 100087, 'aon', 'ใช้ไป', 1, '1815', '2025-07-03 00:00:00'),
(91, 100021, 'aon', 'ใช้ไป', 1, '1815', '2025-07-03 00:00:00'),
(92, 100087, 'aon', 'ใช้ไป', 1, '1206', '2025-07-05 00:00:00'),
(93, 100024, 'aon', 'ใช้ไป', 1, '1206', '2025-07-05 00:00:00'),
(94, 100021, 'aon', 'ใช้ไป', 1, '1206', '2025-07-05 00:00:00'),
(95, 100053, 'aon', 'ใช้ไป', 1, '1206', '2025-07-05 00:00:00'),
(96, 100001, 'aon', 'ใช้ไป', 1, '1315', '2025-07-05 00:00:00'),
(97, 100063, 'aon', 'ใช้ไป', 1, '1621', '2025-07-05 00:00:00'),
(98, 100063, 'aon', 'ใช้ไป', 1, '1714', '2025-07-06 00:00:00'),
(99, 100063, 'aon', 'ใช้ไป', 1, '1815', '2025-07-05 00:00:00'),
(100, 100017, 'aon', 'ใช้ไป', 1, '1815', '2025-07-08 00:00:00'),
(101, 100001, 'aon', 'ใช้ไป', 1, '1204', '2025-07-08 00:00:00'),
(102, 100089, 'aon', 'ใช้ไป', 1, '1204', '2025-07-08 00:00:00'),
(103, 100019, 'aon', 'ใช้ไป', 1, '1206', '2025-07-10 00:00:00'),
(104, 100051, 'aon', 'ใช้ไป', 1, '1206', '2025-07-14 00:00:00'),
(105, 100001, 'aon', 'รับเข้า', 60, 'แสงอุดม', '2025-07-14 00:00:00'),
(106, 100001, 'aon', 'ใช้ไป', 2, '1712', '2025-07-15 00:00:00'),
(107, 100001, 'aon', 'ใช้ไป', 4, 'ส่วนกลางตามชั้น', '2025-07-15 00:00:00'),
(108, 100079, 'aon', 'ใช้ไป', 2, 'ห้องซ่อม', '2025-07-14 00:00:00'),
(109, 100068, 'aon', 'ใช้ไป', 1, '1206', '2025-07-14 00:00:00'),
(110, 100068, 'aon', 'ใช้ไป', 1, '1811', '2025-07-15 00:00:00'),
(111, 100068, 'aon', 'รับเข้า', 3, 'เมกาโฮม', '2025-07-15 00:00:00'),
(112, 100068, 'aon', 'ใช้ไป', 1, '1307', '2025-07-15 00:00:00'),
(113, 100105, 'aon', 'รับเข้า', 5, '', '2025-07-15 00:00:00'),
(114, 100105, 'aon', 'คืนสินค้าจากการยืม', 1, 'คืนไปจากการยืม (log_id: 208)', '2025-07-16 08:18:38'),
(116, 100057, 'aon', 'ใช้ไป', 3, '1414 1406 1702 ', '2025-07-17 00:00:00'),
(117, 100072, 'aon', 'ใช้ไป', 2, '1315 1207', '2025-07-17 00:00:00'),
(118, 100090, 'aon', 'ใช้ไป', 1, '1512', '2025-07-17 00:00:00'),
(119, 100005, 'aon', 'ใช้ไป', 3, 'ห้องซ่อม ', '2025-07-17 00:00:00'),
(120, 100089, 'aon', 'ใช้ไป', 1, 'ห้องซ่อม', '2025-07-17 00:00:00'),
(121, 100089, 'aon', 'รับเข้า', 10, 'แสงอุดม (15/7/68)', '2025-07-17 00:00:00'),
(122, 100006, 'aon', 'ใช้ไป', 3, 'ลิฟท์/ส่วนกลางลานจอดรถ', '2025-07-18 00:00:00'),
(123, 100047, 'aon', 'ใช้ไป', 1, '1307', '2025-07-19 00:00:00'),
(124, 100023, 'aon', 'ใช้ไป', 1, '1307', '2025-07-19 00:00:00'),
(125, 100020, 'aon', 'ใช้ไป', 1, '1307', '2025-07-19 00:00:00'),
(126, 100036, 'aon', 'ใช้ไป', 1, '1206', '2025-07-19 00:00:00'),
(127, 100064, 'aon', 'ใช้ไป', 1, '1514', '2025-07-20 00:00:00'),
(128, 100064, 'aon', 'รับเข้า', 1, '', '2025-07-20 00:00:00'),
(129, 100024, 'aon', 'รับเข้า', 5, 'ร้านปรีชา 15/7/68', '2025-07-20 00:00:00'),
(130, 100020, 'aon', 'รับเข้า', 3, 'ร้านปรีชา 15/7/68', '2025-07-20 00:00:00'),
(131, 100049, 'aon', 'รับเข้า', 3, 'ร้านปรีชา 15/7/68', '2025-07-20 00:00:00'),
(132, 100047, 'aon', 'รับเข้า', 3, 'ร้านปรีชา 15/7/68', '2025-07-20 00:00:00'),
(133, 100048, 'aon', 'รับเข้า', 3, 'ร้านปรีชา 15/7/68', '2025-07-20 00:00:00'),
(134, 100050, 'aon', 'รับเข้า', 2, 'ร้านปรีชา 15/7/68', '2025-07-20 00:00:00'),
(135, 100032, 'aon', 'รับเข้า', 5, 'ร้านปรีชา 15/7/68', '2025-07-20 00:00:00'),
(136, 100033, 'aon', 'รับเข้า', 5, 'ร้านปรีชา 15/7/68', '2025-07-20 00:00:00'),
(137, 100063, 'aon', 'ใช้ไป', 1, 'รับยอดผิด', '2025-07-20 00:00:00'),
(138, 100001, 'aon', 'รับเข้า', 1, 'ส่วนกลางออฟฟิศเคาท์เตอร์', '2025-07-22 00:00:00'),
(139, 100001, 'aon', 'ใช้ไป', 5, 'ส่วนกลางหน้าห้อง 1718 1518 1420 1204 หน้าลิฟท์ชั้น2 หลอดซ้าย', '2025-07-22 00:00:00'),
(140, 100089, 'aon', 'ใช้ไป', 1, 'ห้อง 1720', '2025-07-23 00:00:00'),
(141, 100001, 'aon', 'ใช้ไป', 1, '1714', '2025-07-24 00:00:00'),
(142, 100053, 'aon', 'ใช้ไป', 1, '1714', '2025-07-24 00:00:00'),
(143, 100001, 'aon', 'ใช้ไป', 1, 'ส่วนกลางประตูออกชั้น 1', '2025-07-24 00:00:00'),
(144, 100018, 'aon', 'ใช้ไป', 1, '1313', '2025-07-25 00:00:00'),
(145, 100047, 'aon', 'ใช้ไป', 1, '1313', '2025-07-25 00:00:00'),
(146, 100087, 'aon', 'ใช้ไป', 1, '1313', '2025-07-25 00:00:00'),
(147, 100021, 'aon', 'ใช้ไป', 1, '1313', '2025-07-25 00:00:00'),
(148, 100001, 'aon', 'ใช้ไป', 1, 'ส่วนกลางหน้าห้อง 1703', '2025-07-25 00:00:00'),
(149, 100016, 'aon', 'รับเข้า', 1, '', '2025-07-26 00:00:00'),
(150, 100016, 'aon', 'ใช้ไป', 1, '1318', '2025-07-26 00:00:00'),
(151, 100017, 'aon', 'ใช้ไป', 1, '1318', '2025-07-26 00:00:00'),
(152, 100021, 'aon', 'ใช้ไป', 1, '1417', '2025-07-27 00:00:00'),
(153, 100047, 'aon', 'ใช้ไป', 1, '1313', '2025-07-28 00:00:00'),
(154, 100001, 'aon', 'ใช้ไป', 1, '1516', '2025-07-28 00:00:00'),
(155, 100001, 'aon', 'ใช้ไป', 1, 'ส่วนกลางหน้าห้อง 1506', '2025-07-28 00:00:00'),
(156, 100001, 'aon', 'ใช้ไป', 1, 'ส่วนกลางหน้าห้อง 1814', '2025-07-30 00:00:00'),
(157, 100001, 'aon', 'ใช้ไป', 3, 'ส่วนกลาง', '2025-07-30 00:00:00'),
(158, 100105, 'aon', 'ใช้ไป', 4, '1204 1603 1618 1602', '2025-07-31 00:00:00'),
(162, 100063, 'admin', 'ใช้ไป', 1, '1811', '2025-08-01 05:01:34'),
(163, 100017, 'admin', 'ใช้ไป', 1, '1317', '2025-08-03 05:01:34'),
(164, 100001, 'admin', 'ใช้ไป', 1, 'ส่วนกลางหน้าห้อง 1807', '2025-09-06 05:01:34'),
(165, 100001, 'admin', 'ใช้ไป', 1, '1802', '2025-08-04 05:28:21'),
(166, 100071, 'admin', 'ใช้ไป', 1, '1514', '2025-08-04 05:28:21'),
(167, 100024, 'admin', 'ใช้ไป', 1, '1514', '2025-08-04 05:28:21'),
(168, 100063, 'admin', 'ใช้ไป', 1, '1819', '2025-08-08 05:28:21'),
(169, 100033, 'admin', 'ใช้ไป', 1, '1808', '2025-08-08 05:28:21'),
(170, 100087, 'admin', 'ใช้ไป', 1, '1612', '2025-08-08 05:28:21'),
(171, 100021, 'admin', 'ใช้ไป', 1, '1612', '2025-08-08 05:28:21'),
(172, 100047, 'admin', 'ใช้ไป', 1, '1612', '2025-08-08 05:28:21'),
(173, 100033, 'admin', 'ใช้ไป', 1, '1612', '2025-08-08 05:28:21'),
(174, 100018, 'admin', 'ใช้ไป', 1, '1612', '2025-08-08 05:28:21'),
(175, 100089, 'admin', 'ใช้ไป', 1, '1813', '2025-08-09 07:00:39'),
(176, 100018, 'admin', 'ใช้ไป', 1, '1519', '2025-08-09 07:00:39'),
(177, 100018, 'admin', 'ใช้ไป', 1, '1418', '2025-08-10 07:00:39'),
(178, 100048, 'admin', 'ใช้ไป', 1, '1418', '2025-08-10 07:00:39'),
(179, 100001, 'admin', 'ใช้ไป', 1, 'หน้าลิฟ ชั้น 8', '2025-08-10 07:02:53'),
(180, 100065, 'admin', 'ใช้ไป', 1, '1712', '2025-08-13 07:11:11'),
(181, 100051, 'admin', 'ใช้ไป', 1, '1712', '2025-08-13 07:11:11'),
(182, 100017, 'admin', 'ใช้ไป', 1, '1712', '2025-08-13 07:11:11'),
(183, 100077, 'admin', 'ใช้ไป', 1, '1712', '2025-08-13 07:11:11'),
(184, 100079, 'admin', 'ใช้ไป', 1, '1712', '2025-08-13 07:11:11'),
(185, 100019, 'admin', 'ใช้ไป', 1, '1712', '2025-08-13 07:11:11'),
(186, 100018, 'admin', 'ใช้ไป', 1, '1712', '2025-08-14 07:11:11'),
(187, 100047, 'admin', 'ใช้ไป', 1, '1712', '2025-08-14 07:11:11'),
(188, 100021, 'admin', 'ใช้ไป', 1, '1712', '2025-08-14 07:11:11'),
(189, 100087, 'admin', 'ใช้ไป', 1, '1712', '2025-08-14 07:11:11'),
(190, 100040, 'admin', 'ใช้ไป', 1, '1712', '2025-08-14 07:11:11'),
(191, 100047, 'admin', 'ใช้ไป', 1, '1619', '2025-08-15 07:14:16'),
(192, 100021, 'admin', 'ใช้ไป', 1, '1406', '2025-08-16 07:18:41'),
(193, 100087, 'admin', 'ใช้ไป', 1, '1406', '2025-08-16 07:18:41'),
(194, 100018, 'admin', 'ใช้ไป', 1, '1210', '2025-08-17 07:18:41'),
(195, 100001, 'admin', 'ใช้ไป', 1, 'ส่วนกลางชั้น 3 หน้า 1304', '2025-08-18 07:18:41'),
(196, 100001, 'admin', 'ใช้ไป', 1, 'ส่วนกลางชั้น 3 หน้า 1314', '2025-08-18 07:18:41'),
(197, 100015, 'admin', 'ใช้ไป', 4, '1617 , 1812', '2025-08-18 07:18:41'),
(198, 100047, 'admin', 'ใช้ไป', 1, '1617', '2025-08-18 07:22:09'),
(199, 100017, 'admin', 'ใช้ไป', 1, '1221', '2025-08-18 07:22:09'),
(200, 100020, 'admin', 'ใช้ไป', 1, '1617', '2025-08-18 07:22:09'),
(201, 100068, 'admin', 'ใช้ไป', 1, '1712', '2025-08-18 07:22:09'),
(202, 100063, 'admin', 'ใช้ไป', 1, '1413', '2025-08-18 07:22:09'),
(203, 100040, 'admin', 'รับคืนจากการให้ยืม', 1, 'คืน log_id=212', '2025-09-06 07:22:28'),
(204, 100040, 'admin', 'รับคืนจากการให้ยืม', 1, 'คืน log_id=211', '2025-09-06 07:22:30'),
(205, 100063, 'admin', 'ใช้ไป', 1, '1616', '2025-08-19 07:27:00'),
(206, 100105, 'admin', 'ใช้ไป', 1, '1616', '2025-08-19 07:27:00'),
(207, 100105, 'admin', 'ใช้ไป', 1, '1514', '2025-08-19 07:27:00'),
(208, 100062, 'admin', 'ใช้ไป', 1, '1712', '2025-08-20 07:27:00'),
(209, 100089, 'admin', 'ใช้ไป', 1, '1721', '2025-08-20 07:30:16'),
(210, 100063, 'admin', 'ใช้ไป', 1, '1515', '2025-08-20 07:30:16'),
(211, 100071, 'admin', 'ใช้ไป', 1, '1306', '2025-08-22 07:30:16'),
(212, 100053, 'admin', 'ใช้ไป', 1, '1713', '2025-08-23 07:33:06'),
(213, 100018, 'admin', 'ใช้ไป', 1, '1713', '2025-08-23 07:33:06'),
(214, 100028, 'admin', 'ใช้ไป', 1, '1713', '2025-08-23 07:33:06'),
(215, 100048, 'admin', 'ใช้ไป', 1, 'ห้องน้ำดาดฟ้าผู้ชาย', '2025-08-23 07:33:06'),
(216, 100089, 'admin', 'ใช้ไป', 1, 'ส่วนกลางออฟฟิต', '2025-08-26 07:40:35'),
(217, 100024, 'admin', 'ใช้ไป', 1, '1817', '2025-08-26 07:40:35'),
(218, 100053, 'admin', 'ใช้ไป', 1, '1817', '2025-08-26 07:40:35'),
(219, 100030, 'admin', 'ใช้ไป', 1, '1801', '2025-08-27 07:40:35'),
(220, 100001, 'admin', 'ใช้ไป', 1, '1801', '2025-08-27 07:40:35'),
(221, 100020, 'admin', 'ใช้ไป', 1, '1319', '2025-08-28 07:44:29'),
(222, 100047, 'admin', 'ใช้ไป', 1, '1319', '2025-08-28 07:44:29'),
(223, 100024, 'admin', 'ใช้ไป', 1, '1319', '2025-08-28 07:44:29'),
(224, 100053, 'admin', 'ใช้ไป', 1, '1319', '2025-08-28 07:44:29'),
(225, 100001, 'admin', 'ใช้ไป', 1, 'ส่วนกลาง 1620', '2025-08-29 07:47:39'),
(226, 100001, 'admin', 'ใช้ไป', 1, 'หน้าลิฟชั้น 6', '2025-08-29 07:47:39'),
(227, 100001, 'admin', 'ใช้ไป', 1, 'หน้าห้อง 1519', '2025-08-29 07:47:39'),
(228, 100001, 'admin', 'ใช้ไป', 1, 'หน้าลิฟชั้น 5', '2025-08-29 07:47:39'),
(229, 100018, 'admin', 'ใช้ไป', 1, '1606', '2025-08-31 07:48:04'),
(230, 100105, 'aon', 'รับเข้า', 5, 'บจก.ปากเกร็ดแอร์', '2025-09-11 00:00:00'),
(231, 100016, 'aon', 'รับเข้า', 10, 'อินเตอร์สุขภัณฑ์', '2025-08-08 00:00:00'),
(232, 100016, 'aon', 'รับเข้า', 10, 'อินเตอร์สุขภัณฑ์', '2025-08-08 00:00:00'),
(233, 100016, 'aon', 'ใช้ไป', 10, 'รับเข้าซ้ำ', '2025-08-08 00:00:00'),
(234, 100068, 'aon', 'รับเข้า', 3, 'เมกาโฮม', '2025-08-11 00:00:00'),
(235, 100021, 'aon', 'รับเข้า', 2, '', '2025-08-11 00:00:00'),
(236, 100024, 'aon', 'รับเข้า', 2, '', '2025-08-11 00:00:00'),
(237, 100047, 'aon', 'รับเข้า', 3, '', '2025-08-11 00:00:00'),
(238, 100087, 'aon', 'รับเข้า', 3, '', '2025-08-11 00:00:00'),
(239, 100069, 'aon', 'รับเข้า', 3, '', '2025-08-31 00:00:00'),
(240, 100069, 'aon', 'ใช้ไป', 1, '', '2025-08-31 00:00:00'),
(241, 100070, 'aon', 'รับเข้า', 3, '', '2025-08-31 00:00:00'),
(242, 100070, 'aon', 'ใช้ไป', 1, '', '2025-08-31 00:00:00'),
(243, 100017, 'aon', 'รับเข้า', 10, '', '2025-08-31 00:00:00'),
(244, 100018, 'aon', 'ใช้ไป', 1, '1619', '2025-08-15 00:00:00'),
(245, 100048, 'aon', 'ใช้ไป', 1, '1808', '2025-09-02 00:00:00'),
(246, 100076, 'aon', 'ใช้ไป', 1, '1808', '2025-09-02 00:00:00'),
(247, 100001, 'aon', 'ใช้ไป', 1, 'หน้าห้องน้ำออฟฟิศ', '2025-09-03 00:00:00'),
(248, 100017, 'aon', 'ใช้ไป', 1, '1212', '2025-09-04 00:00:00'),
(249, 100021, 'aon', 'ใช้ไป', 1, '1613', '2025-09-05 00:00:00'),
(250, 100047, 'aon', 'ใช้ไป', 1, '1613', '2025-09-05 00:00:00'),
(251, 100030, 'aon', 'ใช้ไป', 2, '1613', '2025-09-05 00:00:00'),
(252, 100031, 'aon', 'ใช้ไป', 1, '1613', '2025-09-05 00:00:00'),
(253, 100018, 'aon', 'ใช้ไป', 1, '1613', '2025-09-05 00:00:00'),
(254, 100087, 'aon', 'ใช้ไป', 1, '1613', '2025-09-05 00:00:00'),
(255, 100063, 'aon', 'ใช้ไป', 1, '1401', '2025-09-09 00:00:00'),
(256, 100071, 'aon', 'ใช้ไป', 1, '1812 ( 7/7/68)', '2025-09-09 00:00:00'),
(257, 100071, 'aon', 'รับเข้า', 5, 'รับเข้าซื้อใหม่', '2025-09-09 00:00:00'),
(258, 100071, 'aon', 'ใช้ไป', 1, '1310', '2025-09-09 00:00:00'),
(259, 100020, 'aon', 'รับเข้า', 3, 'ร้านปรีชา', '2025-09-10 00:00:00'),
(260, 100024, 'aon', 'รับเข้า', 3, 'ร้านปรีชา', '2025-09-10 00:00:00'),
(261, 100021, 'aon', 'รับเข้า', 3, 'ร้านปรีชา', '2025-09-10 00:00:00'),
(262, 100047, 'aon', 'รับเข้า', 5, 'ร้านปรีชา', '2025-09-10 00:00:00'),
(263, 100048, 'aon', 'รับเข้า', 3, 'ร้านปรีชา', '2025-09-10 00:00:00'),
(264, 100046, 'aon', 'รับเข้า', 3, 'ร้านปรีชา', '2025-09-10 00:00:00'),
(265, 100053, 'aon', 'รับเข้า', 5, 'ร้านปรีชา', '2025-09-10 00:00:00'),
(266, 100030, 'aon', 'รับเข้า', 5, 'ร้านปรีชา', '2025-09-10 00:00:00'),
(267, 100031, 'aon', 'รับเข้า', 5, 'ร้านปรีชา', '2025-09-10 00:00:00'),
(268, 100078, 'aon', 'ใช้ไป', 7, 'ส่วนกลางท่อน้ำ', '2025-09-10 00:00:00'),
(269, 100078, 'aon', 'รับเข้า', 2, 'ร้านปรีชา', '2025-09-10 00:00:00'),
(270, 100005, 'aon', 'ใช้ไป', 2, '1701', '2025-09-11 00:00:00'),
(271, 100001, 'aon', 'ใช้ไป', 2, 'ส่วนกลางหน้าห้อง 1412 1210', '2025-09-11 00:00:00'),
(272, 100014, 'aon', 'ใช้ไป', 2, '1701', '2025-09-11 00:00:00'),
(273, 100065, 'aon', 'ใช้ไป', 1, '1712', '2025-09-11 00:00:00'),
(274, 100001, 'aon', 'รับเข้า', 24, 'แสงอุดม', '2025-09-12 00:00:00'),
(275, 100089, 'aon', 'รับเข้า', 5, 'แสงอุดม', '2025-09-12 00:00:00'),
(276, 100017, 'aon', 'ใช้ไป', 1, '1706', '2025-09-12 00:00:00'),
(277, 100001, 'aon', 'ใช้ไป', 1, '1611', '2025-09-12 00:00:00'),
(278, 100016, 'aon', 'รับเข้า', 2, 'จากเครื่องทำน้ำอุ่น', '2025-09-12 00:00:00'),
(279, 100016, 'aon', 'ใช้ไป', 1, '1611', '2025-09-12 00:00:00'),
(280, 100016, 'aon', 'ใช้ไป', 1, '1418', '2025-09-15 00:00:00'),
(281, 100053, 'aon', 'ใช้ไป', 1, '1611', '2025-09-12 00:00:00'),
(282, 100052, 'aon', 'ใช้ไป', 1, '1611', '2025-09-12 00:00:00'),
(283, 100030, 'aon', 'ใช้ไป', 1, 'ห้องซ่อม', '2025-09-12 00:00:00'),
(284, 100031, 'aon', 'ใช้ไป', 1, 'ห้องซ่อม', '2025-09-12 00:00:00'),
(285, 100024, 'aon', 'ใช้ไป', 1, '1611', '2025-09-12 00:00:00'),
(286, 100001, 'aon', 'ใช้ไป', 5, 'ส่วนกลางหน้าลิฟท์ชั้น 6 /หน้าห้อว 1604 1417 1404 1217', '2025-09-13 00:00:00'),
(287, 100065, 'aon', 'ใช้ไป', 1, '1721 (ยืมจากMP3)', '2025-09-11 00:00:00'),
(288, 100065, 'aon', 'ใช้ไป', 1, 'ยืม MP7 1421', '2025-09-14 00:00:00'),
(289, 100063, 'aon', 'ใช้ไป', 1, '1814', '2025-09-15 00:00:00'),
(290, 100017, 'aon', 'ใช้ไป', 1, '1418', '2025-09-15 00:00:00'),
(291, 100001, 'aon', 'ใช้ไป', 2, 'ส่วนกลางหน้าห้อง 1601 1409', '2025-09-17 00:00:00'),
(292, 100046, 'aon', 'ใช้ไป', 1, 'ห้อง 1521', '2025-09-20 00:00:00'),
(293, 100047, 'aon', 'ใช้ไป', 1, 'ห.1415', '2025-09-20 00:00:00'),
(294, 100030, 'aon', 'ใช้ไป', 1, '1415', '2025-09-20 00:00:00'),
(295, 100001, 'aon', 'ใช้ไป', 1, '1415', '2025-09-20 00:00:00'),
(296, 100018, 'aon', 'ใช้ไป', 1, '1415', '2025-09-20 00:00:00'),
(297, 100001, 'aon', 'ใช้ไป', 1, 'ส่วนกลางหน้าห้อง 1613', '2025-09-20 00:00:00'),
(298, 100021, 'aon', 'ใช้ไป', 1, '1415', '2025-09-21 00:00:00'),
(299, 100087, 'aon', 'ใช้ไป', 1, '1415', '2025-09-21 00:00:00'),
(300, 100030, 'aon', 'ใช้ไป', 1, '1415', '2025-09-20 00:00:00'),
(301, 100031, 'aon', 'ใช้ไป', 1, '1415', '2025-09-20 00:00:00'),
(302, 100021, 'aon', 'ใช้ไป', 1, '1506', '2025-09-21 00:00:00'),
(303, 100024, 'aon', 'ใช้ไป', 1, '1415', '2025-09-22 00:00:00'),
(304, 100053, 'aon', 'ใช้ไป', 1, '1415', '2025-09-22 00:00:00'),
(305, 100001, 'aon', 'ใช้ไป', 1, '1415', '2025-09-22 00:00:00'),
(306, 100071, 'aon', 'ใช้ไป', 3, '1421 1710 1721', '2025-09-22 00:00:00'),
(307, 100001, 'aon', 'ใช้ไป', 1, '1215', '2025-09-22 00:00:00'),
(308, 100068, 'aon', 'ใช้ไป', 3, '1311 1611 1613', '2025-09-23 00:00:00'),
(309, 100017, 'aon', 'ใช้ไป', 2, '1611 1613', '2025-09-23 00:00:00'),
(310, 100017, 'aon', 'ใช้ไป', 4, 'ตัดยอดคงเหลือตามจำนวนจริง', '2025-09-23 00:00:00'),
(311, 100063, 'aon', 'ใช้ไป', 1, '1616', '2025-09-26 00:00:00'),
(312, 100017, 'aon', 'ใช้ไป', 1, '1714', '2025-09-25 00:00:00'),
(313, 100024, 'aon', 'ใช้ไป', 1, '1516 ห้องซ่อม', '2025-09-26 00:00:00'),
(314, 100047, 'aon', 'ใช้ไป', 1, '1516 ห้องซ่อม', '2025-09-26 00:00:00'),
(315, 100020, 'aon', 'ใช้ไป', 1, '1516 ห้องซ่อม', '2025-09-26 00:00:00'),
(316, 100017, 'aon', 'ใช้ไป', 1, '1516 ห้องซ่อม', '2025-09-26 00:00:00'),
(317, 100053, 'aon', 'ใช้ไป', 1, '1516 ห้องซ่อม', '2025-09-26 00:00:00'),
(318, 100105, 'aon', 'ใช้ไป', 1, '1219', '2025-09-26 00:00:00'),
(319, 100001, 'aon', 'ใช้ไป', 1, 'ส่วนกลางหน้าห้องน้ำออฟฟิศ', '2025-09-28 00:00:00'),
(320, 100008, 'aon', 'รับเข้า', 18, '', '2025-09-30 00:00:00'),
(321, 100014, 'aon', 'รับเข้า', 9, '', '2025-09-30 00:00:00'),
(322, 100013, 'aon', 'รับเข้า', 12, '', '2025-09-30 00:00:00'),
(323, 100015, 'aon', 'รับเข้า', 6, '', '2025-09-30 00:00:00'),
(324, 100012, 'aon', 'รับเข้า', 15, '', '2025-09-30 00:00:00'),
(325, 100001, 'aon', 'ใช้ไป', 1, '1506', '2025-10-03 00:00:00'),
(326, 100001, 'aon', 'ใช้ไป', 2, '1516', '2025-10-03 00:00:00'),
(327, 100001, 'aon', 'ใช้ไป', 1, 'ส่วนกลางชั้น3หน้าลิฟท์', '2025-10-03 00:00:00'),
(328, 100001, 'aon', 'ใช้ไป', 1, 'ส่วนกลางชั้น 5 หน้าลิฟท์', '2025-10-04 00:00:00'),
(329, 100001, 'aon', 'ใช้ไป', 1, 'ส่วนกลางออฟฟิศ', '2025-10-09 00:00:00'),
(330, 100001, 'aon', 'ใช้ไป', 1, '1302', '2025-10-15 00:00:00'),
(331, 100001, 'aon', 'ใช้ไป', 1, 'ออฟฟิศห้องป้า', '2025-10-28 00:00:00'),
(332, 100089, 'aon', 'ใช้ไป', 1, 'บันไดหนีไฟชั้น 3', '2025-10-04 00:00:00'),
(333, 100046, 'aon', 'ใช้ไป', 1, '1710', '2025-10-10 00:00:00'),
(334, 100026, 'aon', 'ใช้ไป', 1, '1710', '2025-10-10 00:00:00'),
(335, 100006, 'aon', 'ใช้ไป', 1, 'ตู้ปลา', '2025-10-15 00:00:00'),
(336, 100018, 'aon', 'ใช้ไป', 1, '1721', '2025-10-15 00:00:00'),
(337, 100105, 'aon', 'ใช้ไป', 1, '1404', '2025-10-16 00:00:00'),
(338, 100052, 'aon', 'ใช้ไป', 1, '1421', '2025-10-13 00:00:00'),
(339, 100076, 'aon', 'ใช้ไป', 1, '1213', '2025-10-16 00:00:00'),
(340, 100018, 'aon', 'ใช้ไป', 1, '1213', '2025-10-16 00:00:00'),
(341, 100046, 'aon', 'ใช้ไป', 1, '1213', '2025-10-16 00:00:00'),
(342, 100077, 'aon', 'ใช้ไป', 1, '1213', '2025-10-16 00:00:00'),
(343, 100063, 'aon', 'ใช้ไป', 1, '1720', '2025-10-16 00:00:00'),
(344, 100047, 'aon', 'ใช้ไป', 1, '1702', '2025-10-23 00:00:00'),
(345, 100018, 'aon', 'ใช้ไป', 1, '1702', '2025-10-23 00:00:00'),
(346, 100050, 'aon', 'ใช้ไป', 1, '1702', '2025-10-23 00:00:00'),
(347, 100012, 'aon', 'ใช้ไป', 2, '1702', '2025-10-23 00:00:00'),
(348, 100068, 'aon', 'ใช้ไป', 1, '1702', '2025-10-23 00:00:00'),
(349, 100068, 'aon', 'รับเข้า', 3, 'เมกาโฮม', '2025-10-10 00:00:00'),
(350, 100033, 'aon', 'ใช้ไป', 1, '1208', '2025-10-26 00:00:00'),
(351, 100032, 'aon', 'ใช้ไป', 1, '1208', '2025-10-26 00:00:00'),
(352, 100046, 'aon', 'ใช้ไป', 1, '1208', '2025-10-26 00:00:00'),
(353, 100005, 'aon', 'ใช้ไป', 1, '1201', '2025-10-26 00:00:00'),
(354, 100089, 'aon', 'ใช้ไป', 1, '1201', '2025-10-26 00:00:00'),
(355, 100014, 'aon', 'ใช้ไป', 1, '1201', '2025-10-26 00:00:00'),
(356, 100001, 'aon', 'ใช้ไป', 1, '1709', '2025-10-28 00:00:00'),
(357, 100063, 'aon', 'ใช้ไป', 1, '1720', '2025-10-30 00:00:00'),
(358, 100029, 'aon', 'ใช้ไป', 2, '1702', '2025-10-30 00:00:00'),
(359, 100032, 'aon', 'ใช้ไป', 1, '1208', '2025-10-31 00:00:00'),
(360, 100033, 'aon', 'ใช้ไป', 1, '1208', '2025-10-31 00:00:00'),
(361, 100032, 'aon', 'ใช้ไป', 1, '1208', '2025-10-31 00:00:00'),
(362, 100050, 'aon', 'ใช้ไป', 1, '1709', '2025-10-31 00:00:00'),
(363, 100005, 'aon', 'ใช้ไป', 1, '1606', '2025-11-02 00:00:00'),
(364, 100008, 'aon', 'ใช้ไป', 1, '1606', '2025-11-02 00:00:00'),
(365, 100013, 'aon', 'ใช้ไป', 1, '1606', '2025-11-02 00:00:00'),
(366, 100014, 'aon', 'ใช้ไป', 1, '1606', '2025-11-02 00:00:00'),
(367, 100021, 'aon', 'ใช้ไป', 1, '1709', '2025-11-04 00:00:00'),
(368, 100022, 'aon', 'ใช้ไป', 1, '1709', '2025-11-04 00:00:00'),
(369, 100087, 'aon', 'ใช้ไป', 1, '1709', '2025-11-04 00:00:00'),
(370, 100052, 'aon', 'ใช้ไป', 1, '1709', '2025-11-04 00:00:00'),
(371, 100053, 'aon', 'ใช้ไป', 1, '1709', '2025-11-04 00:00:00'),
(372, 100005, 'aon', 'ใช้ไป', 1, '1218', '2025-11-05 00:00:00'),
(373, 100001, 'aon', 'ใช้ไป', 2, '1717', '2025-11-07 00:00:00'),
(374, 100001, 'aon', 'ใช้ไป', 6, 'ส่วนกลาง', '2025-11-07 00:00:00'),
(375, 100071, 'aon', 'รับคืนจากการให้ยืม', 1, 'คืน log_id=510', '2025-11-10 05:55:55'),
(376, 100071, 'aon', 'รับเข้า', 5, 'รับเข้าจาก ฟอร์ท', '2025-11-10 00:00:00'),
(377, 100001, 'aon', 'รับเข้า', 36, 'รับเข้าจากแสงอุดม', '2025-11-10 00:00:00'),
(378, 100089, 'aon', 'รับเข้า', 5, 'รับเข้าจากแสงอุดม', '2025-11-10 00:00:00'),
(379, 100087, 'aon', 'ใช้ไป', 2, 'ห้องซ่อม', '2025-11-10 00:00:00'),
(380, 100020, 'aon', 'รับเข้า', 2, 'ร้านปรีชา', '2025-11-11 00:00:00'),
(381, 100021, 'aon', 'รับเข้า', 4, 'ร้านปรีชา 150 บาท', '2025-11-11 00:00:00'),
(382, 100087, 'aon', 'รับเข้า', 5, 'ร้านปรีชา 110 บาท', '2025-11-11 00:00:00'),
(383, 100024, 'aon', 'รับเข้า', 3, 'ร้านปรีชา 130 บาท', '2025-11-11 00:00:00'),
(384, 100051, 'aon', 'รับเข้า', 3, 'ร้านปรีชา 200 บาท', '2025-11-11 00:00:00'),
(385, 100047, 'aon', 'รับเข้า', 5, 'ร้านปรีชา 60 บาท', '2025-11-11 00:00:00'),
(386, 100046, 'aon', 'รับเข้า', 3, 'ร้านปรีชา 55 บาท', '2025-11-11 00:00:00'),
(387, 100050, 'aon', 'รับเข้า', 3, 'ร้านปรีชา 90 บาท', '2025-11-11 00:00:00'),
(388, 100053, 'aon', 'รับเข้า', 5, 'ร้านปรีชา 45 บาท', '2025-11-11 00:00:00'),
(389, 100077, 'aon', 'รับเข้า', 5, 'ร้านปรีชา 25 บาท', '2025-11-11 00:00:00'),
(390, 100077, 'aon', 'ใช้ไป', 5, '', '2025-11-11 00:00:00'),
(391, 100078, 'aon', 'ใช้ไป', 3, '', '2025-11-11 00:00:00'),
(392, 100078, 'aon', 'รับเข้า', 5, 'ร้านปรีชา 15 บาท', '2025-11-11 00:00:00'),
(393, 100033, 'aon', 'รับเข้า', 5, 'ร้านปรีชา 110 บาท', '2025-11-11 00:00:00'),
(394, 100076, 'aon', 'รับเข้า', 5, 'ร้านปรีชา 110 บาท', '2025-11-11 00:00:00'),
(395, 100006, 'aon', 'ใช้ไป', 1, 'ห้องไฟ', '2025-11-18 06:42:27'),
(396, 100001, 'aon', 'ใช้ไป', 3, 'ส่วนกลางหน้าห้อง 1515 1511 1202', '2025-11-18 08:20:18'),
(397, 100033, 'aon', 'ใช้ไป', 1, '1206', '2025-11-15 08:21:39'),
(398, 100065, 'aon', 'รับเข้า', 10, 'ซื้อเดือน ก.ย.68', '2025-11-17 08:27:35'),
(399, 100065, 'aon', 'รับคืนจากการให้ยืม', 1, 'คืน log_id=340', '2025-11-18 08:29:31'),
(400, 100001, 'aon', 'ใช้ไป', 1, 'ส่วนกลางหน้าห้อง 1201', '2025-11-17 08:36:46'),
(401, 100068, 'aon', 'ใช้ไป', 2, '1702 1709', '2025-11-18 08:38:40'),
(402, 100065, 'admin', 'คืนให้เจ้าของ', 1, 'คืน log_id=543', '2025-11-18 08:46:36'),
(403, 100065, 'admin', 'คืนให้เจ้าของ', 1, 'คืน log_id=527', '2025-11-18 08:46:39'),
(404, 100065, 'aon', 'รับเข้า', 2, 'รับคืนจากตึก 2', '2025-11-18 08:50:17'),
(405, 100065, 'aon', 'ใช้ไป', 1, '1803 (17/11/68)', '2025-11-18 08:53:03'),
(406, 100018, 'aon', 'รับเข้า', 15, 'บจก.อินเตอร์สุขภัณฑ์เซรามิค', '2025-11-11 08:58:43'),
(407, 100017, 'aon', 'รับเข้า', 15, 'บจก.อินเตอร์สุขภัณฑ์เซรามิค', '2025-11-11 08:58:43'),
(411, 100105, 'aon', 'รับเข้า', 5, 'บจก.ปากเกร็ดแอร์ (ราคาก่อน VAT 17654.21)', '2025-11-17 08:32:53'),
(412, 100105, 'aon', 'ใช้ไป', 1, 'ห้อง 1405 (ติดตั้งไป 30/10/68)', '2025-11-19 08:51:26'),
(413, 100001, 'aon', 'ออก', 1, '', '2025-11-20 04:00:00'),
(414, 100001, 'aon', 'ออก', 1, '', '2025-11-20 04:00:00'),
(415, 100001, 'aon', 'ออก', 1, '', '2025-11-20 04:00:00'),
(416, 100001, 'aon', 'ออก', 1, 'ส่วนกลางชั้น 3', '2025-11-25 04:01:00'),
(417, 100071, 'aon', 'ออก', 6, '1403 1404 1414 1408 1420 1720', '2025-11-28 04:03:00'),
(418, 100005, 'aon', 'ออก', 1, '', '2025-11-22 04:05:00'),
(419, 100020, 'aon', 'ออก', 1, '', '2025-12-05 10:22:00'),
(420, 100020, 'aon', 'ออก', 1, '1602', '2025-12-06 10:23:00'),
(421, 100024, 'aon', 'ออก', 1, '1602', '2025-12-06 10:25:00'),
(422, 100053, 'aon', 'ออก', 1, '1602', '2025-12-06 10:25:00'),
(423, 100047, 'aon', 'ออก', 1, '1602', '2025-12-06 10:26:00'),
(424, 100063, 'aon', 'ออก', 1, '1413', '2025-12-09 10:27:00'),
(425, 100005, 'aon', 'ออก', 1, '1815', '2025-12-11 10:28:00'),
(426, 100014, 'aon', 'ออก', 1, '1815', '2025-12-11 10:28:00'),
(427, 100029, 'aon', 'ออก', 1, '1815', '2025-12-11 10:29:00'),
(428, 100001, 'aon', 'ออก', 1, 'ส่วนกลางหน้ากล้องส่องลิฟท์', '2026-01-13 10:30:00'),
(429, 100068, 'aon', 'ออก', 1, '1607', '2025-12-15 10:31:00'),
(430, 100068, 'aon', 'รับเข้า', 3, 'เมกาโฮม', '2026-01-11 10:32:00'),
(431, 100001, 'aon', 'ออก', 1, 'ส่วนกลางออฟฟิศ', '2025-12-15 10:33:00'),
(432, 100089, 'aon', 'ออก', 1, '1509', '2025-12-18 10:34:00'),
(433, 100012, 'aon', 'ออก', 3, '1509', '2025-12-18 10:34:00'),
(434, 100001, 'aon', 'ออก', 3, 'ส่วนกลางหน้ากล้องส่องลิฟท์/ห้องซ่อม 1304', '2025-12-22 10:35:00'),
(435, 100001, 'aon', 'ออก', 2, '1602  1509', '2025-12-22 10:36:00'),
(436, 100001, 'aon', 'ออก', 1, '1304', '2025-12-25 10:37:00'),
(437, 100001, 'aon', 'ออก', 1, '1304', '2025-12-25 10:37:00'),
(438, 100053, 'aon', 'ออก', 1, '1304', '2025-12-25 10:38:00'),
(439, 100024, 'aon', 'ออก', 1, '1304', '2025-12-25 10:38:00'),
(440, 100017, 'aon', 'ออก', 1, '1405', '2025-12-29 10:39:00'),
(441, 100005, 'aon', 'ออก', 1, 'ห้อง 1403', '2026-01-01 03:29:00'),
(442, 100018, 'aon', 'ออก', 1, 'ห้อง 1403', '2026-01-01 03:30:00'),
(443, 100062, 'aon', 'ออก', 1, 'ห้อง 1104', '2026-01-01 03:36:00'),
(444, 100001, 'aon', 'ออก', 2, 'เปลี่ยนห้อง 1320 /ส่วนกลางหน้าห้อง 1310', '2026-01-04 03:37:00'),
(445, 100005, 'aon', 'ออก', 2, 'ห้อง 1203', '2026-01-05 03:39:00'),
(446, 100014, 'aon', 'ออก', 1, '1320', '2026-01-04 03:41:00'),
(447, 100001, 'aon', 'ออก', 6, 'ส่วนกลางหน้าลิฟท์กลางชั้น 8 /หน้าห้อง 1819 1817 1702 1318 1220', '2026-01-04 03:42:00'),
(448, 100001, 'aon', 'ออก', 1, '1203', '2026-01-05 03:42:00'),
(449, 100063, 'aon', 'ออก', 1, '1501', '2026-01-05 03:46:00'),
(450, 100020, 'aon', 'ออก', 1, '1417', '2026-01-06 03:47:00'),
(451, 100047, 'aon', 'ออก', 1, '1417', '2026-01-06 03:49:00'),
(452, 100018, 'aon', 'ออก', 1, '1620', '2026-01-07 03:56:00'),
(453, 100018, 'aon', 'ออก', 1, '1104', '2026-01-08 03:56:00'),
(454, 100047, 'aon', 'ออก', 1, '1104', '2026-01-08 03:57:00'),
(455, 100017, 'aon', 'ออก', 1, '1104', '2026-01-08 03:57:00'),
(456, 100033, 'aon', 'ออก', 3, '1104', '2026-01-08 03:58:00'),
(457, 100032, 'aon', 'ออก', 3, '1104', '2026-01-08 03:59:00'),
(458, 100021, 'aon', 'ออก', 1, '1104', '2026-01-08 04:00:00'),
(459, 100049, 'aon', 'ออก', 1, '1104', '2026-01-09 04:00:00'),
(460, 100020, 'aon', 'รับเข้า', 2, 'ร้านปรีชา 260 บาท', '2026-01-09 04:01:00'),
(461, 100020, 'aon', 'รับเข้า', 2, 'ร้านปรีชาเมื่อเดือน ธ.ค.68', '2026-01-09 04:03:00'),
(462, 100020, 'aon', 'รับเข้า', 2, 'ร้านปรีชา', '2026-01-11 04:05:00'),
(463, 100020, 'aon', 'รับเข้า', 2, 'ร้านปรีชา', '2026-01-11 04:05:00'),
(465, 100020, 'aon', 'รับเข้า', 2, '', '2026-01-23 03:23:12'),
(466, 100020, 'aon', 'รับเข้า', 2, 'ร้านปรีชา', '2026-01-11 03:42:00'),
(467, 100020, 'aon', 'รับเข้า', 2, '', '2026-01-23 03:46:56'),
(468, 100020, 'aon', 'รับเข้า', 2, '', '2026-01-23 03:50:21');

-- --------------------------------------------------------

--
-- Table structure for table `tbl_stock_movements`
--

CREATE TABLE `tbl_stock_movements` (
  `id` int(11) NOT NULL,
  `p_id` int(11) NOT NULL,
  `username` varchar(100) NOT NULL,
  `movement_type` varchar(50) NOT NULL,
  `quantity` int(11) NOT NULL,
  `remarks` text DEFAULT NULL,
  `movement_time` datetime DEFAULT current_timestamp()
) ENGINE=InnoDB DEFAULT CHARSET=utf8mb4 COLLATE=utf8mb4_general_ci;

-- --------------------------------------------------------

--
-- Table structure for table `tbl_users`
--

CREATE TABLE `tbl_users` (
  `p_id` int(11) NOT NULL,
  `username` varchar(50) NOT NULL,
  `password` varchar(255) NOT NULL,
  `role` varchar(50) NOT NULL DEFAULT 'employee',
  `created_at` datetime NOT NULL DEFAULT current_timestamp()
) ENGINE=InnoDB DEFAULT CHARSET=utf8 COLLATE=utf8_general_ci;

--
-- Dumping data for table `tbl_users`
--

INSERT INTO `tbl_users` (`p_id`, `username`, `password`, `role`, `created_at`) VALUES
(5, 'admin', '$2y$10$c946P5Y8m5JscND0hnKckuKO5riNyPYQP8hWch0lOkLvb4VAAuQde', 'administrator', '2025-05-31 11:50:10'),
(7, 'nong', '$2y$10$gioVcPHTcCyvoWCXE7.tve71C9WHsJJ1R8x98869Qlnce3NZe4vd6', 'manager', '2025-05-31 11:51:35'),
(8, 'aon', '$2y$10$2XuqNFlhJHeprDXWMO/tGO5zmhnTC1hm1vaA9OWRVFHYooxhsJUO6', 'manager', '2025-06-02 10:12:03');

--
-- Indexes for dumped tables
--

--
-- Indexes for table `app_settings`
--
ALTER TABLE `app_settings`
  ADD PRIMARY KEY (`k`);

--
-- Indexes for table `audit_log`
--
ALTER TABLE `audit_log`
  ADD PRIMARY KEY (`id`);

--
-- Indexes for table `logout_logs`
--
ALTER TABLE `logout_logs`
  ADD PRIMARY KEY (`id`);

--
-- Indexes for table `tbl_action_log`
--
ALTER TABLE `tbl_action_log`
  ADD PRIMARY KEY (`id`),
  ADD KEY `fk_action_log_products` (`p_id`);

--
-- Indexes for table `tbl_admin`
--
ALTER TABLE `tbl_admin`
  ADD PRIMARY KEY (`admin_id`);

--
-- Indexes for table `tbl_admin_log`
--
ALTER TABLE `tbl_admin_log`
  ADD PRIMARY KEY (`id`);

--
-- Indexes for table `tbl_categories`
--
ALTER TABLE `tbl_categories`
  ADD PRIMARY KEY (`cat_id`);

--
-- Indexes for table `tbl_products`
--
ALTER TABLE `tbl_products`
  ADD PRIMARY KEY (`p_id`),
  ADD UNIQUE KEY `p_name` (`p_name`),
  ADD UNIQUE KEY `p_name_2` (`p_name`),
  ADD UNIQUE KEY `p_name_3` (`p_name`),
  ADD KEY `fk_products_category` (`cat_id`);

--
-- Indexes for table `tbl_product_movements`
--
ALTER TABLE `tbl_product_movements`
  ADD PRIMARY KEY (`movement_id`),
  ADD KEY `p_id` (`p_id`);

--
-- Indexes for table `tbl_stock_movements`
--
ALTER TABLE `tbl_stock_movements`
  ADD PRIMARY KEY (`id`),
  ADD KEY `p_id` (`p_id`);

--
-- Indexes for table `tbl_users`
--
ALTER TABLE `tbl_users`
  ADD PRIMARY KEY (`p_id`),
  ADD UNIQUE KEY `username` (`username`);

--
-- AUTO_INCREMENT for dumped tables
--

--
-- AUTO_INCREMENT for table `audit_log`
--
ALTER TABLE `audit_log`
  MODIFY `id` int(11) NOT NULL AUTO_INCREMENT, AUTO_INCREMENT=2;

--
-- AUTO_INCREMENT for table `logout_logs`
--
ALTER TABLE `logout_logs`
  MODIFY `id` int(11) NOT NULL AUTO_INCREMENT, AUTO_INCREMENT=73;

--
-- AUTO_INCREMENT for table `tbl_action_log`
--
ALTER TABLE `tbl_action_log`
  MODIFY `id` int(11) NOT NULL AUTO_INCREMENT, AUTO_INCREMENT=773;

--
-- AUTO_INCREMENT for table `tbl_admin`
--
ALTER TABLE `tbl_admin`
  MODIFY `admin_id` int(11) NOT NULL AUTO_INCREMENT, AUTO_INCREMENT=5;

--
-- AUTO_INCREMENT for table `tbl_admin_log`
--
ALTER TABLE `tbl_admin_log`
  MODIFY `id` int(11) NOT NULL AUTO_INCREMENT;

--
-- AUTO_INCREMENT for table `tbl_categories`
--
ALTER TABLE `tbl_categories`
  MODIFY `cat_id` int(11) NOT NULL AUTO_INCREMENT, AUTO_INCREMENT=25;

--
-- AUTO_INCREMENT for table `tbl_products`
--
ALTER TABLE `tbl_products`
  MODIFY `p_id` int(11) NOT NULL AUTO_INCREMENT, AUTO_INCREMENT=100273;

--
-- AUTO_INCREMENT for table `tbl_product_movements`
--
ALTER TABLE `tbl_product_movements`
  MODIFY `movement_id` int(11) NOT NULL AUTO_INCREMENT, AUTO_INCREMENT=469;

--
-- AUTO_INCREMENT for table `tbl_stock_movements`
--
ALTER TABLE `tbl_stock_movements`
  MODIFY `id` int(11) NOT NULL AUTO_INCREMENT, AUTO_INCREMENT=43;

--
-- AUTO_INCREMENT for table `tbl_users`
--
ALTER TABLE `tbl_users`
  MODIFY `p_id` int(11) NOT NULL AUTO_INCREMENT, AUTO_INCREMENT=10;

--
-- Constraints for dumped tables
--

--
-- Constraints for table `tbl_action_log`
--
ALTER TABLE `tbl_action_log`
  ADD CONSTRAINT `fk_action_log_products` FOREIGN KEY (`p_id`) REFERENCES `tbl_products` (`p_id`);

--
-- Constraints for table `tbl_products`
--
ALTER TABLE `tbl_products`
  ADD CONSTRAINT `fk_products_category` FOREIGN KEY (`cat_id`) REFERENCES `tbl_categories` (`cat_id`);

--
-- Constraints for table `tbl_product_movements`
--
ALTER TABLE `tbl_product_movements`
  ADD CONSTRAINT `fk_product_movements_products` FOREIGN KEY (`p_id`) REFERENCES `tbl_products` (`p_id`) ON DELETE CASCADE ON UPDATE CASCADE;

--
-- Constraints for table `tbl_stock_movements`
--
ALTER TABLE `tbl_stock_movements`
  ADD CONSTRAINT `tbl_stock_movements_ibfk_1` FOREIGN KEY (`p_id`) REFERENCES `tbl_products` (`p_id`);
COMMIT;

/*!40101 SET CHARACTER_SET_CLIENT=@OLD_CHARACTER_SET_CLIENT */;
/*!40101 SET CHARACTER_SET_RESULTS=@OLD_CHARACTER_SET_RESULTS */;
/*!40101 SET COLLATION_CONNECTION=@OLD_COLLATION_CONNECTION */;
